2026-01-29 18:29:28.800 +01:00 [INF] Start installing Hangfire SQL objects...
2026-01-29 18:29:39.167 +01:00 [WRN] An exception occurred while trying to perform the migration. Retrying...
Microsoft.Data.SqlClient.SqlException (0x80131904): Не удается открыть базу данных "NovelVision.Visualization", запрашиваемую именем входа. Не удалось выполнить вход.
При входе в систему пользователя "LAPTOP-OHNFI7TT\DATART" произошла ошибка.
   at Microsoft.Data.SqlClient.SqlInternalConnection.OnError(SqlException exception, Boolean breakConnection, Action`1 wrapCloseInAction)
   at Microsoft.Data.SqlClient.TdsParser.ThrowExceptionAndWarning(TdsParserStateObject stateObj, SqlCommand command, Boolean callerHasConnectionLock, Boolean asyncClose)
   at Microsoft.Data.SqlClient.TdsParser.TryRun(RunBehavior runBehavior, SqlCommand cmdHandler, SqlDataReader dataStream, BulkCopySimpleResultSet bulkCopyHandler, TdsParserStateObject stateObj, Boolean& dataReady)
   at Microsoft.Data.SqlClient.TdsParser.Run(RunBehavior runBehavior, SqlCommand cmdHandler, SqlDataReader dataStream, BulkCopySimpleResultSet bulkCopyHandler, TdsParserStateObject stateObj)
   at Microsoft.Data.SqlClient.SqlInternalConnectionTds.CompleteLogin(Boolean enlistOK)
   at Microsoft.Data.SqlClient.SqlInternalConnectionTds.AttemptOneLogin(ServerInfo serverInfo, String newPassword, SecureString newSecurePassword, TimeoutTimer timeout, Boolean withFailover)
   at Microsoft.Data.SqlClient.SqlInternalConnectionTds.LoginNoFailover(ServerInfo serverInfo, String newPassword, SecureString newSecurePassword, Boolean redirectedUserInstance, SqlConnectionString connectionOptions, SqlCredential credential, TimeoutTimer timeout)
   at Microsoft.Data.SqlClient.SqlInternalConnectionTds.OpenLoginEnlist(TimeoutTimer timeout, SqlConnectionString connectionOptions, SqlCredential credential, String newPassword, SecureString newSecurePassword, Boolean redirectedUserInstance)
   at Microsoft.Data.SqlClient.SqlInternalConnectionTds..ctor(DbConnectionPoolIdentity identity, SqlConnectionString connectionOptions, SqlCredential credential, Object providerInfo, String newPassword, SecureString newSecurePassword, Boolean redirectedUserInstance, SqlConnectionString userConnectionOptions, SessionData reconnectSessionData, Boolean applyTransientFaultHandling, String accessToken, DbConnectionPool pool, Func`3 accessTokenCallback)
   at Microsoft.Data.SqlClient.SqlConnectionFactory.CreateConnection(DbConnectionOptions options, DbConnectionPoolKey poolKey, Object poolGroupProviderInfo, DbConnectionPool pool, DbConnection owningConnection, DbConnectionOptions userOptions)
   at Microsoft.Data.ProviderBase.DbConnectionFactory.CreatePooledConnection(DbConnectionPool pool, DbConnection owningObject, DbConnectionOptions options, DbConnectionPoolKey poolKey, DbConnectionOptions userOptions)
   at Microsoft.Data.ProviderBase.DbConnectionPool.CreateObject(DbConnection owningObject, DbConnectionOptions userOptions, DbConnectionInternal oldConnection)
   at Microsoft.Data.ProviderBase.DbConnectionPool.UserCreateRequest(DbConnection owningObject, DbConnectionOptions userOptions, DbConnectionInternal oldConnection)
   at Microsoft.Data.ProviderBase.DbConnectionPool.TryGetConnection(DbConnection owningObject, UInt32 waitForMultipleObjectsTimeout, Boolean allowCreate, Boolean onlyOneCheckConnection, DbConnectionOptions userOptions, DbConnectionInternal& connection)
   at Microsoft.Data.ProviderBase.DbConnectionPool.TryGetConnection(DbConnection owningObject, TaskCompletionSource`1 retry, DbConnectionOptions userOptions, DbConnectionInternal& connection)
   at Microsoft.Data.ProviderBase.DbConnectionFactory.TryGetConnection(DbConnection owningConnection, TaskCompletionSource`1 retry, DbConnectionOptions userOptions, DbConnectionInternal oldConnection, DbConnectionInternal& connection)
   at Microsoft.Data.ProviderBase.DbConnectionInternal.TryOpenConnectionInternal(DbConnection outerConnection, DbConnectionFactory connectionFactory, TaskCompletionSource`1 retry, DbConnectionOptions userOptions)
   at Microsoft.Data.ProviderBase.DbConnectionClosed.TryOpenConnection(DbConnection outerConnection, DbConnectionFactory connectionFactory, TaskCompletionSource`1 retry, DbConnectionOptions userOptions)
   at Microsoft.Data.SqlClient.SqlConnection.TryOpen(TaskCompletionSource`1 retry, SqlConnectionOverrides overrides)
   at Microsoft.Data.SqlClient.SqlConnection.Open(SqlConnectionOverrides overrides)
   at Microsoft.Data.SqlClient.SqlConnection.Open()
   at Hangfire.SqlServer.SqlServerStorage.CreateAndOpenConnection() in C:\projects\hangfire-525\src\Hangfire.SqlServer\SqlServerStorage.cs:line 406
   at Hangfire.SqlServer.SqlServerStorage.UseConnection[TContext,TResult](DbConnection dedicatedConnection, Func`4 func, TContext context) in C:\projects\hangfire-525\src\Hangfire.SqlServer\SqlServerStorage.cs:line 291
   at Hangfire.SqlServer.SqlServerStorage.UseConnection(DbConnection dedicatedConnection, Action`2 action) in C:\projects\hangfire-525\src\Hangfire.SqlServer\SqlServerStorage.cs:line 268
   at Hangfire.SqlServer.SqlServerStorage.Initialize() in C:\projects\hangfire-525\src\Hangfire.SqlServer\SqlServerStorage.cs:line 465
ClientConnectionId:2db42a5e-79ce-425a-8e09-35d5c1e62e7c
Error Number:4060,State:1,Class:11
2026-01-29 18:29:39.180 +01:00 [WRN] An exception occurred while trying to perform the migration. Retrying...
Microsoft.Data.SqlClient.SqlException (0x80131904): Не удается открыть базу данных "NovelVision.Visualization", запрашиваемую именем входа. Не удалось выполнить вход.
При входе в систему пользователя "LAPTOP-OHNFI7TT\DATART" произошла ошибка.
   at Microsoft.Data.ProviderBase.DbConnectionPool.TryGetConnection(DbConnection owningObject, UInt32 waitForMultipleObjectsTimeout, Boolean allowCreate, Boolean onlyOneCheckConnection, DbConnectionOptions userOptions, DbConnectionInternal& connection)
   at Microsoft.Data.ProviderBase.DbConnectionPool.TryGetConnection(DbConnection owningObject, TaskCompletionSource`1 retry, DbConnectionOptions userOptions, DbConnectionInternal& connection)
   at Microsoft.Data.ProviderBase.DbConnectionFactory.TryGetConnection(DbConnection owningConnection, TaskCompletionSource`1 retry, DbConnectionOptions userOptions, DbConnectionInternal oldConnection, DbConnectionInternal& connection)
   at Microsoft.Data.ProviderBase.DbConnectionInternal.TryOpenConnectionInternal(DbConnection outerConnection, DbConnectionFactory connectionFactory, TaskCompletionSource`1 retry, DbConnectionOptions userOptions)
   at Microsoft.Data.ProviderBase.DbConnectionClosed.TryOpenConnection(DbConnection outerConnection, DbConnectionFactory connectionFactory, TaskCompletionSource`1 retry, DbConnectionOptions userOptions)
   at Microsoft.Data.SqlClient.SqlConnection.TryOpen(TaskCompletionSource`1 retry, SqlConnectionOverrides overrides)
   at Microsoft.Data.SqlClient.SqlConnection.Open(SqlConnectionOverrides overrides)
   at Microsoft.Data.SqlClient.SqlConnection.Open()
   at Hangfire.SqlServer.SqlServerStorage.CreateAndOpenConnection() in C:\projects\hangfire-525\src\Hangfire.SqlServer\SqlServerStorage.cs:line 406
   at Hangfire.SqlServer.SqlServerStorage.UseConnection[TContext,TResult](DbConnection dedicatedConnection, Func`4 func, TContext context) in C:\projects\hangfire-525\src\Hangfire.SqlServer\SqlServerStorage.cs:line 291
   at Hangfire.SqlServer.SqlServerStorage.UseConnection(DbConnection dedicatedConnection, Action`2 action) in C:\projects\hangfire-525\src\Hangfire.SqlServer\SqlServerStorage.cs:line 268
   at Hangfire.SqlServer.SqlServerStorage.Initialize() in C:\projects\hangfire-525\src\Hangfire.SqlServer\SqlServerStorage.cs:line 465
ClientConnectionId:2db42a5e-79ce-425a-8e09-35d5c1e62e7c
Error Number:4060,State:1,Class:11
2026-01-29 18:29:39.182 +01:00 [WRN] An exception occurred while trying to perform the migration.
Microsoft.Data.SqlClient.SqlException (0x80131904): Не удается открыть базу данных "NovelVision.Visualization", запрашиваемую именем входа. Не удалось выполнить вход.
При входе в систему пользователя "LAPTOP-OHNFI7TT\DATART" произошла ошибка.
   at Microsoft.Data.ProviderBase.DbConnectionPool.TryGetConnection(DbConnection owningObject, UInt32 waitForMultipleObjectsTimeout, Boolean allowCreate, Boolean onlyOneCheckConnection, DbConnectionOptions userOptions, DbConnectionInternal& connection)
   at Microsoft.Data.ProviderBase.DbConnectionPool.TryGetConnection(DbConnection owningObject, TaskCompletionSource`1 retry, DbConnectionOptions userOptions, DbConnectionInternal& connection)
   at Microsoft.Data.ProviderBase.DbConnectionFactory.TryGetConnection(DbConnection owningConnection, TaskCompletionSource`1 retry, DbConnectionOptions userOptions, DbConnectionInternal oldConnection, DbConnectionInternal& connection)
   at Microsoft.Data.ProviderBase.DbConnectionInternal.TryOpenConnectionInternal(DbConnection outerConnection, DbConnectionFactory connectionFactory, TaskCompletionSource`1 retry, DbConnectionOptions userOptions)
   at Microsoft.Data.ProviderBase.DbConnectionClosed.TryOpenConnection(DbConnection outerConnection, DbConnectionFactory connectionFactory, TaskCompletionSource`1 retry, DbConnectionOptions userOptions)
   at Microsoft.Data.SqlClient.SqlConnection.TryOpen(TaskCompletionSource`1 retry, SqlConnectionOverrides overrides)
   at Microsoft.Data.SqlClient.SqlConnection.Open(SqlConnectionOverrides overrides)
   at Microsoft.Data.SqlClient.SqlConnection.Open()
   at Hangfire.SqlServer.SqlServerStorage.CreateAndOpenConnection() in C:\projects\hangfire-525\src\Hangfire.SqlServer\SqlServerStorage.cs:line 406
   at Hangfire.SqlServer.SqlServerStorage.UseConnection[TContext,TResult](DbConnection dedicatedConnection, Func`4 func, TContext context) in C:\projects\hangfire-525\src\Hangfire.SqlServer\SqlServerStorage.cs:line 291
   at Hangfire.SqlServer.SqlServerStorage.UseConnection(DbConnection dedicatedConnection, Action`2 action) in C:\projects\hangfire-525\src\Hangfire.SqlServer\SqlServerStorage.cs:line 268
   at Hangfire.SqlServer.SqlServerStorage.Initialize() in C:\projects\hangfire-525\src\Hangfire.SqlServer\SqlServerStorage.cs:line 465
ClientConnectionId:2db42a5e-79ce-425a-8e09-35d5c1e62e7c
Error Number:4060,State:1,Class:11
2026-01-29 18:29:39.182 +01:00 [WRN] Was unable to perform the Hangfire schema migration due to an exception. Ignore this message unless you've just installed or upgraded Hangfire.
Microsoft.Data.SqlClient.SqlException (0x80131904): Не удается открыть базу данных "NovelVision.Visualization", запрашиваемую именем входа. Не удалось выполнить вход.
При входе в систему пользователя "LAPTOP-OHNFI7TT\DATART" произошла ошибка.
   at Microsoft.Data.ProviderBase.DbConnectionPool.TryGetConnection(DbConnection owningObject, UInt32 waitForMultipleObjectsTimeout, Boolean allowCreate, Boolean onlyOneCheckConnection, DbConnectionOptions userOptions, DbConnectionInternal& connection)
   at Microsoft.Data.ProviderBase.DbConnectionPool.TryGetConnection(DbConnection owningObject, TaskCompletionSource`1 retry, DbConnectionOptions userOptions, DbConnectionInternal& connection)
   at Microsoft.Data.ProviderBase.DbConnectionFactory.TryGetConnection(DbConnection owningConnection, TaskCompletionSource`1 retry, DbConnectionOptions userOptions, DbConnectionInternal oldConnection, DbConnectionInternal& connection)
   at Microsoft.Data.ProviderBase.DbConnectionInternal.TryOpenConnectionInternal(DbConnection outerConnection, DbConnectionFactory connectionFactory, TaskCompletionSource`1 retry, DbConnectionOptions userOptions)
   at Microsoft.Data.ProviderBase.DbConnectionClosed.TryOpenConnection(DbConnection outerConnection, DbConnectionFactory connectionFactory, TaskCompletionSource`1 retry, DbConnectionOptions userOptions)
   at Microsoft.Data.SqlClient.SqlConnection.TryOpen(TaskCompletionSource`1 retry, SqlConnectionOverrides overrides)
   at Microsoft.Data.SqlClient.SqlConnection.Open(SqlConnectionOverrides overrides)
   at Microsoft.Data.SqlClient.SqlConnection.Open()
   at Hangfire.SqlServer.SqlServerStorage.CreateAndOpenConnection() in C:\projects\hangfire-525\src\Hangfire.SqlServer\SqlServerStorage.cs:line 406
   at Hangfire.SqlServer.SqlServerStorage.UseConnection[TContext,TResult](DbConnection dedicatedConnection, Func`4 func, TContext context) in C:\projects\hangfire-525\src\Hangfire.SqlServer\SqlServerStorage.cs:line 291
   at Hangfire.SqlServer.SqlServerStorage.UseConnection(DbConnection dedicatedConnection, Action`2 action) in C:\projects\hangfire-525\src\Hangfire.SqlServer\SqlServerStorage.cs:line 268
   at Hangfire.SqlServer.SqlServerStorage.Initialize() in C:\projects\hangfire-525\src\Hangfire.SqlServer\SqlServerStorage.cs:line 465
ClientConnectionId:2db42a5e-79ce-425a-8e09-35d5c1e62e7c
Error Number:4060,State:1,Class:11
2026-01-29 18:29:39.184 +01:00 [ERR] Was unable to use the TryAutoDetectSchemaDependentOptions option due to an exception.
Microsoft.Data.SqlClient.SqlException (0x80131904): Не удается открыть базу данных "NovelVision.Visualization", запрашиваемую именем входа. Не удалось выполнить вход.
При входе в систему пользователя "LAPTOP-OHNFI7TT\DATART" произошла ошибка.
   at Microsoft.Data.ProviderBase.DbConnectionPool.TryGetConnection(DbConnection owningObject, UInt32 waitForMultipleObjectsTimeout, Boolean allowCreate, Boolean onlyOneCheckConnection, DbConnectionOptions userOptions, DbConnectionInternal& connection)
   at Microsoft.Data.ProviderBase.DbConnectionPool.TryGetConnection(DbConnection owningObject, TaskCompletionSource`1 retry, DbConnectionOptions userOptions, DbConnectionInternal& connection)
   at Microsoft.Data.ProviderBase.DbConnectionFactory.TryGetConnection(DbConnection owningConnection, TaskCompletionSource`1 retry, DbConnectionOptions userOptions, DbConnectionInternal oldConnection, DbConnectionInternal& connection)
   at Microsoft.Data.ProviderBase.DbConnectionInternal.TryOpenConnectionInternal(DbConnection outerConnection, DbConnectionFactory connectionFactory, TaskCompletionSource`1 retry, DbConnectionOptions userOptions)
   at Microsoft.Data.ProviderBase.DbConnectionClosed.TryOpenConnection(DbConnection outerConnection, DbConnectionFactory connectionFactory, TaskCompletionSource`1 retry, DbConnectionOptions userOptions)
   at Microsoft.Data.SqlClient.SqlConnection.TryOpen(TaskCompletionSource`1 retry, SqlConnectionOverrides overrides)
   at Microsoft.Data.SqlClient.SqlConnection.Open(SqlConnectionOverrides overrides)
   at Microsoft.Data.SqlClient.SqlConnection.Open()
   at Hangfire.SqlServer.SqlServerStorage.CreateAndOpenConnection() in C:\projects\hangfire-525\src\Hangfire.SqlServer\SqlServerStorage.cs:line 406
   at Hangfire.SqlServer.SqlServerStorage.UseConnection[TContext,TResult](DbConnection dedicatedConnection, Func`4 func, TContext context) in C:\projects\hangfire-525\src\Hangfire.SqlServer\SqlServerStorage.cs:line 291
   at Hangfire.SqlServer.SqlServerStorage.UseConnection[TResult](DbConnection dedicatedConnection, Func`3 action) in C:\projects\hangfire-525\src\Hangfire.SqlServer\SqlServerStorage.cs:line 279
   at Hangfire.SqlServer.SqlServerStorage.Initialize() in C:\projects\hangfire-525\src\Hangfire.SqlServer\SqlServerStorage.cs:line 495
ClientConnectionId:2db42a5e-79ce-425a-8e09-35d5c1e62e7c
Error Number:4060,State:1,Class:11
2026-01-29 18:29:39.191 +01:00 [INF] Visualization API started successfully
2026-01-29 18:29:39.191 +01:00 [INF] Environment: Development
2026-01-29 18:29:39.191 +01:00 [INF] Swagger UI: https://localhost:7130/swagger
2026-01-29 18:29:39.192 +01:00 [INF] Health Check: https://localhost:7130/health
2026-01-29 18:29:39.192 +01:00 [INF] SignalR Hub: wss://localhost:7130/hubs/visualization
2026-01-29 18:29:39.222 +01:00 [INF] User profile is available. Using 'C:\Users\DATART\AppData\Local\ASP.NET\DataProtection-Keys' as key repository and Windows DPAPI to encrypt keys at rest.
2026-01-29 18:29:39.278 +01:00 [WRN] The WebRootPath was not found: C:\Users\DATART\Desktop\NovelVision\src\Services\Visualization.API\NovelVision.Services.Visualization.API\wwwroot. Static files may be unavailable.
2026-01-29 18:29:39.391 +01:00 [INF] Now listening on: https://localhost:7130
2026-01-29 18:29:39.392 +01:00 [INF] Now listening on: http://localhost:5284
2026-01-29 18:29:39.554 +01:00 [INF] Starting Hangfire Server using job storage: 'SQL Server: LAPTOP-OHNFI7TT@NovelVision.Visualization'
2026-01-29 18:29:39.555 +01:00 [INF] Using the following options for SQL Server job storage: Queue poll interval: 00:00:15.
2026-01-29 18:29:39.555 +01:00 [INF] Using the following options for Hangfire Server:
    Worker count: 16
    Listening queues: 'visualization', 'default'
    Shutdown timeout: 00:00:15
    Schedule polling interval: 00:00:15
2026-01-29 18:29:39.574 +01:00 [INF] Application started. Press Ctrl+C to shut down.
2026-01-29 18:29:39.574 +01:00 [INF] Hosting environment: Development
2026-01-29 18:29:39.574 +01:00 [INF] Content root path: C:\Users\DATART\Desktop\NovelVision\src\Services\Visualization.API\NovelVision.Services.Visualization.API
2026-01-29 18:29:39.578 +01:00 [DBG] Execution loop BackgroundServerProcess:9904528d has started in 6,4199 ms
2026-01-29 18:29:39.643 +01:00 [ERR] Execution BackgroundServerProcess is in the Failed state now due to an exception, execution will be retried in no more than 00:00:15
Microsoft.Data.SqlClient.SqlException (0x80131904): Не удается открыть базу данных "NovelVision.Visualization", запрашиваемую именем входа. Не удалось выполнить вход.
При входе в систему пользователя "LAPTOP-OHNFI7TT\DATART" произошла ошибка.
   at Microsoft.Data.ProviderBase.DbConnectionPool.TryGetConnection(DbConnection owningObject, UInt32 waitForMultipleObjectsTimeout, Boolean allowCreate, Boolean onlyOneCheckConnection, DbConnectionOptions userOptions, DbConnectionInternal& connection)
   at Microsoft.Data.ProviderBase.DbConnectionPool.TryGetConnection(DbConnection owningObject, TaskCompletionSource`1 retry, DbConnectionOptions userOptions, DbConnectionInternal& connection)
   at Microsoft.Data.ProviderBase.DbConnectionFactory.TryGetConnection(DbConnection owningConnection, TaskCompletionSource`1 retry, DbConnectionOptions userOptions, DbConnectionInternal oldConnection, DbConnectionInternal& connection)
   at Microsoft.Data.ProviderBase.DbConnectionInternal.TryOpenConnectionInternal(DbConnection outerConnection, DbConnectionFactory connectionFactory, TaskCompletionSource`1 retry, DbConnectionOptions userOptions)
   at Microsoft.Data.ProviderBase.DbConnectionClosed.TryOpenConnection(DbConnection outerConnection, DbConnectionFactory connectionFactory, TaskCompletionSource`1 retry, DbConnectionOptions userOptions)
   at Microsoft.Data.SqlClient.SqlConnection.TryOpen(TaskCompletionSource`1 retry, SqlConnectionOverrides overrides)
   at Microsoft.Data.SqlClient.SqlConnection.Open(SqlConnectionOverrides overrides)
   at Microsoft.Data.SqlClient.SqlConnection.Open()
   at Hangfire.SqlServer.SqlServerStorage.CreateAndOpenConnection() in C:\projects\hangfire-525\src\Hangfire.SqlServer\SqlServerStorage.cs:line 406
   at Hangfire.SqlServer.SqlServerStorage.UseConnection[TContext,TResult](DbConnection dedicatedConnection, Func`4 func, TContext context) in C:\projects\hangfire-525\src\Hangfire.SqlServer\SqlServerStorage.cs:line 291
   at Hangfire.SqlServer.SqlServerConnection.AnnounceServer(String serverId, ServerContext context) in C:\projects\hangfire-525\src\Hangfire.SqlServer\SqlServerConnection.cs:line 512
   at Hangfire.Server.BackgroundServerProcess.CreateServer(BackgroundServerContext context) in C:\projects\hangfire-525\src\Hangfire.Core\Server\BackgroundServerProcess.cs:line 209
   at Hangfire.Server.BackgroundServerProcess.Execute(Guid executionId, BackgroundExecution execution, CancellationToken stoppingToken, CancellationToken stoppedToken, CancellationToken shutdownToken) in C:\projects\hangfire-525\src\Hangfire.Core\Server\BackgroundServerProcess.cs:line 101
   at Hangfire.Server.BackgroundProcessingServer.RunServer(Guid executionId, Object state) in C:\projects\hangfire-525\src\Hangfire.Core\Server\BackgroundProcessingServer.cs:line 249
   at Hangfire.Processing.BackgroundExecution.Run(Action`2 callback, Object state) in C:\projects\hangfire-525\src\Hangfire.Core\Processing\BackgroundExecution.cs:line 118
ClientConnectionId:2db42a5e-79ce-425a-8e09-35d5c1e62e7c
Error Number:4060,State:1,Class:11
2026-01-29 18:29:39.645 +01:00 [DBG] Execution loop BackgroundServerProcess:9904528d caught an exception and will be retried in 00:00:15
Microsoft.Data.SqlClient.SqlException (0x80131904): Не удается открыть базу данных "NovelVision.Visualization", запрашиваемую именем входа. Не удалось выполнить вход.
При входе в систему пользователя "LAPTOP-OHNFI7TT\DATART" произошла ошибка.
   at Microsoft.Data.ProviderBase.DbConnectionPool.TryGetConnection(DbConnection owningObject, UInt32 waitForMultipleObjectsTimeout, Boolean allowCreate, Boolean onlyOneCheckConnection, DbConnectionOptions userOptions, DbConnectionInternal& connection)
   at Microsoft.Data.ProviderBase.DbConnectionPool.TryGetConnection(DbConnection owningObject, TaskCompletionSource`1 retry, DbConnectionOptions userOptions, DbConnectionInternal& connection)
   at Microsoft.Data.ProviderBase.DbConnectionFactory.TryGetConnection(DbConnection owningConnection, TaskCompletionSource`1 retry, DbConnectionOptions userOptions, DbConnectionInternal oldConnection, DbConnectionInternal& connection)
   at Microsoft.Data.ProviderBase.DbConnectionInternal.TryOpenConnectionInternal(DbConnection outerConnection, DbConnectionFactory connectionFactory, TaskCompletionSource`1 retry, DbConnectionOptions userOptions)
   at Microsoft.Data.ProviderBase.DbConnectionClosed.TryOpenConnection(DbConnection outerConnection, DbConnectionFactory connectionFactory, TaskCompletionSource`1 retry, DbConnectionOptions userOptions)
   at Microsoft.Data.SqlClient.SqlConnection.TryOpen(TaskCompletionSource`1 retry, SqlConnectionOverrides overrides)
   at Microsoft.Data.SqlClient.SqlConnection.Open(SqlConnectionOverrides overrides)
   at Microsoft.Data.SqlClient.SqlConnection.Open()
   at Hangfire.SqlServer.SqlServerStorage.CreateAndOpenConnection() in C:\projects\hangfire-525\src\Hangfire.SqlServer\SqlServerStorage.cs:line 406
   at Hangfire.SqlServer.SqlServerStorage.UseConnection[TContext,TResult](DbConnection dedicatedConnection, Func`4 func, TContext context) in C:\projects\hangfire-525\src\Hangfire.SqlServer\SqlServerStorage.cs:line 291
   at Hangfire.SqlServer.SqlServerConnection.AnnounceServer(String serverId, ServerContext context) in C:\projects\hangfire-525\src\Hangfire.SqlServer\SqlServerConnection.cs:line 512
   at Hangfire.Server.BackgroundServerProcess.CreateServer(BackgroundServerContext context) in C:\projects\hangfire-525\src\Hangfire.Core\Server\BackgroundServerProcess.cs:line 209
   at Hangfire.Server.BackgroundServerProcess.Execute(Guid executionId, BackgroundExecution execution, CancellationToken stoppingToken, CancellationToken stoppedToken, CancellationToken shutdownToken) in C:\projects\hangfire-525\src\Hangfire.Core\Server\BackgroundServerProcess.cs:line 101
   at Hangfire.Server.BackgroundProcessingServer.RunServer(Guid executionId, Object state) in C:\projects\hangfire-525\src\Hangfire.Core\Server\BackgroundProcessingServer.cs:line 249
   at Hangfire.Processing.BackgroundExecution.Run(Action`2 callback, Object state) in C:\projects\hangfire-525\src\Hangfire.Core\Processing\BackgroundExecution.cs:line 118
ClientConnectionId:2db42a5e-79ce-425a-8e09-35d5c1e62e7c
Error Number:4060,State:1,Class:11
2026-01-29 18:29:39.647 +01:00 [DBG] Execution loop BackgroundServerProcess:9904528d will be retried in 00:00:15...
2026-01-29 18:30:04.674 +01:00 [ERR] Execution BackgroundServerProcess is still in the Failed state for 00:00:25.0286231 due to an exception, will be retried in no more than 00:00:15
Microsoft.Data.SqlClient.SqlException (0x80131904): Не удается открыть базу данных "NovelVision.Visualization", запрашиваемую именем входа. Не удалось выполнить вход.
При входе в систему пользователя "LAPTOP-OHNFI7TT\DATART" произошла ошибка.
   at Microsoft.Data.SqlClient.SqlInternalConnection.OnError(SqlException exception, Boolean breakConnection, Action`1 wrapCloseInAction)
   at Microsoft.Data.SqlClient.TdsParser.ThrowExceptionAndWarning(TdsParserStateObject stateObj, SqlCommand command, Boolean callerHasConnectionLock, Boolean asyncClose)
   at Microsoft.Data.SqlClient.TdsParser.TryRun(RunBehavior runBehavior, SqlCommand cmdHandler, SqlDataReader dataStream, BulkCopySimpleResultSet bulkCopyHandler, TdsParserStateObject stateObj, Boolean& dataReady)
   at Microsoft.Data.SqlClient.TdsParser.Run(RunBehavior runBehavior, SqlCommand cmdHandler, SqlDataReader dataStream, BulkCopySimpleResultSet bulkCopyHandler, TdsParserStateObject stateObj)
   at Microsoft.Data.SqlClient.SqlInternalConnectionTds.CompleteLogin(Boolean enlistOK)
   at Microsoft.Data.SqlClient.SqlInternalConnectionTds.AttemptOneLogin(ServerInfo serverInfo, String newPassword, SecureString newSecurePassword, TimeoutTimer timeout, Boolean withFailover)
   at Microsoft.Data.SqlClient.SqlInternalConnectionTds.LoginNoFailover(ServerInfo serverInfo, String newPassword, SecureString newSecurePassword, Boolean redirectedUserInstance, SqlConnectionString connectionOptions, SqlCredential credential, TimeoutTimer timeout)
   at Microsoft.Data.SqlClient.SqlInternalConnectionTds.OpenLoginEnlist(TimeoutTimer timeout, SqlConnectionString connectionOptions, SqlCredential credential, String newPassword, SecureString newSecurePassword, Boolean redirectedUserInstance)
   at Microsoft.Data.SqlClient.SqlInternalConnectionTds..ctor(DbConnectionPoolIdentity identity, SqlConnectionString connectionOptions, SqlCredential credential, Object providerInfo, String newPassword, SecureString newSecurePassword, Boolean redirectedUserInstance, SqlConnectionString userConnectionOptions, SessionData reconnectSessionData, Boolean applyTransientFaultHandling, String accessToken, DbConnectionPool pool, Func`3 accessTokenCallback)
   at Microsoft.Data.SqlClient.SqlConnectionFactory.CreateConnection(DbConnectionOptions options, DbConnectionPoolKey poolKey, Object poolGroupProviderInfo, DbConnectionPool pool, DbConnection owningConnection, DbConnectionOptions userOptions)
   at Microsoft.Data.ProviderBase.DbConnectionFactory.CreatePooledConnection(DbConnectionPool pool, DbConnection owningObject, DbConnectionOptions options, DbConnectionPoolKey poolKey, DbConnectionOptions userOptions)
   at Microsoft.Data.ProviderBase.DbConnectionPool.CreateObject(DbConnection owningObject, DbConnectionOptions userOptions, DbConnectionInternal oldConnection)
   at Microsoft.Data.ProviderBase.DbConnectionPool.UserCreateRequest(DbConnection owningObject, DbConnectionOptions userOptions, DbConnectionInternal oldConnection)
   at Microsoft.Data.ProviderBase.DbConnectionPool.TryGetConnection(DbConnection owningObject, UInt32 waitForMultipleObjectsTimeout, Boolean allowCreate, Boolean onlyOneCheckConnection, DbConnectionOptions userOptions, DbConnectionInternal& connection)
   at Microsoft.Data.ProviderBase.DbConnectionPool.TryGetConnection(DbConnection owningObject, TaskCompletionSource`1 retry, DbConnectionOptions userOptions, DbConnectionInternal& connection)
   at Microsoft.Data.ProviderBase.DbConnectionFactory.TryGetConnection(DbConnection owningConnection, TaskCompletionSource`1 retry, DbConnectionOptions userOptions, DbConnectionInternal oldConnection, DbConnectionInternal& connection)
   at Microsoft.Data.ProviderBase.DbConnectionInternal.TryOpenConnectionInternal(DbConnection outerConnection, DbConnectionFactory connectionFactory, TaskCompletionSource`1 retry, DbConnectionOptions userOptions)
   at Microsoft.Data.ProviderBase.DbConnectionClosed.TryOpenConnection(DbConnection outerConnection, DbConnectionFactory connectionFactory, TaskCompletionSource`1 retry, DbConnectionOptions userOptions)
   at Microsoft.Data.SqlClient.SqlConnection.TryOpen(TaskCompletionSource`1 retry, SqlConnectionOverrides overrides)
   at Microsoft.Data.SqlClient.SqlConnection.Open(SqlConnectionOverrides overrides)
   at Microsoft.Data.SqlClient.SqlConnection.Open()
   at Hangfire.SqlServer.SqlServerStorage.CreateAndOpenConnection() in C:\projects\hangfire-525\src\Hangfire.SqlServer\SqlServerStorage.cs:line 406
   at Hangfire.SqlServer.SqlServerStorage.UseConnection[TContext,TResult](DbConnection dedicatedConnection, Func`4 func, TContext context) in C:\projects\hangfire-525\src\Hangfire.SqlServer\SqlServerStorage.cs:line 291
   at Hangfire.SqlServer.SqlServerConnection.AnnounceServer(String serverId, ServerContext context) in C:\projects\hangfire-525\src\Hangfire.SqlServer\SqlServerConnection.cs:line 512
   at Hangfire.Server.BackgroundServerProcess.CreateServer(BackgroundServerContext context) in C:\projects\hangfire-525\src\Hangfire.Core\Server\BackgroundServerProcess.cs:line 209
   at Hangfire.Server.BackgroundServerProcess.Execute(Guid executionId, BackgroundExecution execution, CancellationToken stoppingToken, CancellationToken stoppedToken, CancellationToken shutdownToken) in C:\projects\hangfire-525\src\Hangfire.Core\Server\BackgroundServerProcess.cs:line 101
   at Hangfire.Server.BackgroundProcessingServer.RunServer(Guid executionId, Object state) in C:\projects\hangfire-525\src\Hangfire.Core\Server\BackgroundProcessingServer.cs:line 249
   at Hangfire.Processing.BackgroundExecution.Run(Action`2 callback, Object state) in C:\projects\hangfire-525\src\Hangfire.Core\Processing\BackgroundExecution.cs:line 118
ClientConnectionId:cf5e7558-7095-49db-9fc8-c8d270cfb805
Error Number:4060,State:1,Class:11
2026-01-29 18:30:04.677 +01:00 [DBG] Execution loop BackgroundServerProcess:9904528d caught an exception and will be retried in 00:00:15
Microsoft.Data.SqlClient.SqlException (0x80131904): Не удается открыть базу данных "NovelVision.Visualization", запрашиваемую именем входа. Не удалось выполнить вход.
При входе в систему пользователя "LAPTOP-OHNFI7TT\DATART" произошла ошибка.
   at Microsoft.Data.SqlClient.SqlInternalConnection.OnError(SqlException exception, Boolean breakConnection, Action`1 wrapCloseInAction)
   at Microsoft.Data.SqlClient.TdsParser.ThrowExceptionAndWarning(TdsParserStateObject stateObj, SqlCommand command, Boolean callerHasConnectionLock, Boolean asyncClose)
   at Microsoft.Data.SqlClient.TdsParser.TryRun(RunBehavior runBehavior, SqlCommand cmdHandler, SqlDataReader dataStream, BulkCopySimpleResultSet bulkCopyHandler, TdsParserStateObject stateObj, Boolean& dataReady)
   at Microsoft.Data.SqlClient.TdsParser.Run(RunBehavior runBehavior, SqlCommand cmdHandler, SqlDataReader dataStream, BulkCopySimpleResultSet bulkCopyHandler, TdsParserStateObject stateObj)
   at Microsoft.Data.SqlClient.SqlInternalConnectionTds.CompleteLogin(Boolean enlistOK)
   at Microsoft.Data.SqlClient.SqlInternalConnectionTds.AttemptOneLogin(ServerInfo serverInfo, String newPassword, SecureString newSecurePassword, TimeoutTimer timeout, Boolean withFailover)
   at Microsoft.Data.SqlClient.SqlInternalConnectionTds.LoginNoFailover(ServerInfo serverInfo, String newPassword, SecureString newSecurePassword, Boolean redirectedUserInstance, SqlConnectionString connectionOptions, SqlCredential credential, TimeoutTimer timeout)
   at Microsoft.Data.SqlClient.SqlInternalConnectionTds.OpenLoginEnlist(TimeoutTimer timeout, SqlConnectionString connectionOptions, SqlCredential credential, String newPassword, SecureString newSecurePassword, Boolean redirectedUserInstance)
   at Microsoft.Data.SqlClient.SqlInternalConnectionTds..ctor(DbConnectionPoolIdentity identity, SqlConnectionString connectionOptions, SqlCredential credential, Object providerInfo, String newPassword, SecureString newSecurePassword, Boolean redirectedUserInstance, SqlConnectionString userConnectionOptions, SessionData reconnectSessionData, Boolean applyTransientFaultHandling, String accessToken, DbConnectionPool pool, Func`3 accessTokenCallback)
   at Microsoft.Data.SqlClient.SqlConnectionFactory.CreateConnection(DbConnectionOptions options, DbConnectionPoolKey poolKey, Object poolGroupProviderInfo, DbConnectionPool pool, DbConnection owningConnection, DbConnectionOptions userOptions)
   at Microsoft.Data.ProviderBase.DbConnectionFactory.CreatePooledConnection(DbConnectionPool pool, DbConnection owningObject, DbConnectionOptions options, DbConnectionPoolKey poolKey, DbConnectionOptions userOptions)
   at Microsoft.Data.ProviderBase.DbConnectionPool.CreateObject(DbConnection owningObject, DbConnectionOptions userOptions, DbConnectionInternal oldConnection)
   at Microsoft.Data.ProviderBase.DbConnectionPool.UserCreateRequest(DbConnection owningObject, DbConnectionOptions userOptions, DbConnectionInternal oldConnection)
   at Microsoft.Data.ProviderBase.DbConnectionPool.TryGetConnection(DbConnection owningObject, UInt32 waitForMultipleObjectsTimeout, Boolean allowCreate, Boolean onlyOneCheckConnection, DbConnectionOptions userOptions, DbConnectionInternal& connection)
   at Microsoft.Data.ProviderBase.DbConnectionPool.TryGetConnection(DbConnection owningObject, TaskCompletionSource`1 retry, DbConnectionOptions userOptions, DbConnectionInternal& connection)
   at Microsoft.Data.ProviderBase.DbConnectionFactory.TryGetConnection(DbConnection owningConnection, TaskCompletionSource`1 retry, DbConnectionOptions userOptions, DbConnectionInternal oldConnection, DbConnectionInternal& connection)
   at Microsoft.Data.ProviderBase.DbConnectionInternal.TryOpenConnectionInternal(DbConnection outerConnection, DbConnectionFactory connectionFactory, TaskCompletionSource`1 retry, DbConnectionOptions userOptions)
   at Microsoft.Data.ProviderBase.DbConnectionClosed.TryOpenConnection(DbConnection outerConnection, DbConnectionFactory connectionFactory, TaskCompletionSource`1 retry, DbConnectionOptions userOptions)
   at Microsoft.Data.SqlClient.SqlConnection.TryOpen(TaskCompletionSource`1 retry, SqlConnectionOverrides overrides)
   at Microsoft.Data.SqlClient.SqlConnection.Open(SqlConnectionOverrides overrides)
   at Microsoft.Data.SqlClient.SqlConnection.Open()
   at Hangfire.SqlServer.SqlServerStorage.CreateAndOpenConnection() in C:\projects\hangfire-525\src\Hangfire.SqlServer\SqlServerStorage.cs:line 406
   at Hangfire.SqlServer.SqlServerStorage.UseConnection[TContext,TResult](DbConnection dedicatedConnection, Func`4 func, TContext context) in C:\projects\hangfire-525\src\Hangfire.SqlServer\SqlServerStorage.cs:line 291
   at Hangfire.SqlServer.SqlServerConnection.AnnounceServer(String serverId, ServerContext context) in C:\projects\hangfire-525\src\Hangfire.SqlServer\SqlServerConnection.cs:line 512
   at Hangfire.Server.BackgroundServerProcess.CreateServer(BackgroundServerContext context) in C:\projects\hangfire-525\src\Hangfire.Core\Server\BackgroundServerProcess.cs:line 209
   at Hangfire.Server.BackgroundServerProcess.Execute(Guid executionId, BackgroundExecution execution, CancellationToken stoppingToken, CancellationToken stoppedToken, CancellationToken shutdownToken) in C:\projects\hangfire-525\src\Hangfire.Core\Server\BackgroundServerProcess.cs:line 101
   at Hangfire.Server.BackgroundProcessingServer.RunServer(Guid executionId, Object state) in C:\projects\hangfire-525\src\Hangfire.Core\Server\BackgroundProcessingServer.cs:line 249
   at Hangfire.Processing.BackgroundExecution.Run(Action`2 callback, Object state) in C:\projects\hangfire-525\src\Hangfire.Core\Processing\BackgroundExecution.cs:line 118
ClientConnectionId:cf5e7558-7095-49db-9fc8-c8d270cfb805
Error Number:4060,State:1,Class:11
2026-01-29 18:30:04.679 +01:00 [DBG] Execution loop BackgroundServerProcess:9904528d will be retried in 00:00:15...
2026-01-29 18:30:29.716 +01:00 [ERR] Execution BackgroundServerProcess is still in the Failed state for 00:00:50.0712996 due to an exception, will be retried in no more than 00:00:15
Microsoft.Data.SqlClient.SqlException (0x80131904): Не удается открыть базу данных "NovelVision.Visualization", запрашиваемую именем входа. Не удалось выполнить вход.
При входе в систему пользователя "LAPTOP-OHNFI7TT\DATART" произошла ошибка.
   at Microsoft.Data.SqlClient.SqlInternalConnection.OnError(SqlException exception, Boolean breakConnection, Action`1 wrapCloseInAction)
   at Microsoft.Data.SqlClient.TdsParser.ThrowExceptionAndWarning(TdsParserStateObject stateObj, SqlCommand command, Boolean callerHasConnectionLock, Boolean asyncClose)
   at Microsoft.Data.SqlClient.TdsParser.TryRun(RunBehavior runBehavior, SqlCommand cmdHandler, SqlDataReader dataStream, BulkCopySimpleResultSet bulkCopyHandler, TdsParserStateObject stateObj, Boolean& dataReady)
   at Microsoft.Data.SqlClient.TdsParser.Run(RunBehavior runBehavior, SqlCommand cmdHandler, SqlDataReader dataStream, BulkCopySimpleResultSet bulkCopyHandler, TdsParserStateObject stateObj)
   at Microsoft.Data.SqlClient.SqlInternalConnectionTds.CompleteLogin(Boolean enlistOK)
   at Microsoft.Data.SqlClient.SqlInternalConnectionTds.AttemptOneLogin(ServerInfo serverInfo, String newPassword, SecureString newSecurePassword, TimeoutTimer timeout, Boolean withFailover)
   at Microsoft.Data.SqlClient.SqlInternalConnectionTds.LoginNoFailover(ServerInfo serverInfo, String newPassword, SecureString newSecurePassword, Boolean redirectedUserInstance, SqlConnectionString connectionOptions, SqlCredential credential, TimeoutTimer timeout)
   at Microsoft.Data.SqlClient.SqlInternalConnectionTds.OpenLoginEnlist(TimeoutTimer timeout, SqlConnectionString connectionOptions, SqlCredential credential, String newPassword, SecureString newSecurePassword, Boolean redirectedUserInstance)
   at Microsoft.Data.SqlClient.SqlInternalConnectionTds..ctor(DbConnectionPoolIdentity identity, SqlConnectionString connectionOptions, SqlCredential credential, Object providerInfo, String newPassword, SecureString newSecurePassword, Boolean redirectedUserInstance, SqlConnectionString userConnectionOptions, SessionData reconnectSessionData, Boolean applyTransientFaultHandling, String accessToken, DbConnectionPool pool, Func`3 accessTokenCallback)
   at Microsoft.Data.SqlClient.SqlConnectionFactory.CreateConnection(DbConnectionOptions options, DbConnectionPoolKey poolKey, Object poolGroupProviderInfo, DbConnectionPool pool, DbConnection owningConnection, DbConnectionOptions userOptions)
   at Microsoft.Data.ProviderBase.DbConnectionFactory.CreatePooledConnection(DbConnectionPool pool, DbConnection owningObject, DbConnectionOptions options, DbConnectionPoolKey poolKey, DbConnectionOptions userOptions)
   at Microsoft.Data.ProviderBase.DbConnectionPool.CreateObject(DbConnection owningObject, DbConnectionOptions userOptions, DbConnectionInternal oldConnection)
   at Microsoft.Data.ProviderBase.DbConnectionPool.UserCreateRequest(DbConnection owningObject, DbConnectionOptions userOptions, DbConnectionInternal oldConnection)
   at Microsoft.Data.ProviderBase.DbConnectionPool.TryGetConnection(DbConnection owningObject, UInt32 waitForMultipleObjectsTimeout, Boolean allowCreate, Boolean onlyOneCheckConnection, DbConnectionOptions userOptions, DbConnectionInternal& connection)
   at Microsoft.Data.ProviderBase.DbConnectionPool.TryGetConnection(DbConnection owningObject, TaskCompletionSource`1 retry, DbConnectionOptions userOptions, DbConnectionInternal& connection)
   at Microsoft.Data.ProviderBase.DbConnectionFactory.TryGetConnection(DbConnection owningConnection, TaskCompletionSource`1 retry, DbConnectionOptions userOptions, DbConnectionInternal oldConnection, DbConnectionInternal& connection)
   at Microsoft.Data.ProviderBase.DbConnectionInternal.TryOpenConnectionInternal(DbConnection outerConnection, DbConnectionFactory connectionFactory, TaskCompletionSource`1 retry, DbConnectionOptions userOptions)
   at Microsoft.Data.ProviderBase.DbConnectionClosed.TryOpenConnection(DbConnection outerConnection, DbConnectionFactory connectionFactory, TaskCompletionSource`1 retry, DbConnectionOptions userOptions)
   at Microsoft.Data.SqlClient.SqlConnection.TryOpen(TaskCompletionSource`1 retry, SqlConnectionOverrides overrides)
   at Microsoft.Data.SqlClient.SqlConnection.Open(SqlConnectionOverrides overrides)
   at Microsoft.Data.SqlClient.SqlConnection.Open()
   at Hangfire.SqlServer.SqlServerStorage.CreateAndOpenConnection() in C:\projects\hangfire-525\src\Hangfire.SqlServer\SqlServerStorage.cs:line 406
   at Hangfire.SqlServer.SqlServerStorage.UseConnection[TContext,TResult](DbConnection dedicatedConnection, Func`4 func, TContext context) in C:\projects\hangfire-525\src\Hangfire.SqlServer\SqlServerStorage.cs:line 291
   at Hangfire.SqlServer.SqlServerConnection.AnnounceServer(String serverId, ServerContext context) in C:\projects\hangfire-525\src\Hangfire.SqlServer\SqlServerConnection.cs:line 512
   at Hangfire.Server.BackgroundServerProcess.CreateServer(BackgroundServerContext context) in C:\projects\hangfire-525\src\Hangfire.Core\Server\BackgroundServerProcess.cs:line 209
   at Hangfire.Server.BackgroundServerProcess.Execute(Guid executionId, BackgroundExecution execution, CancellationToken stoppingToken, CancellationToken stoppedToken, CancellationToken shutdownToken) in C:\projects\hangfire-525\src\Hangfire.Core\Server\BackgroundServerProcess.cs:line 101
   at Hangfire.Server.BackgroundProcessingServer.RunServer(Guid executionId, Object state) in C:\projects\hangfire-525\src\Hangfire.Core\Server\BackgroundProcessingServer.cs:line 249
   at Hangfire.Processing.BackgroundExecution.Run(Action`2 callback, Object state) in C:\projects\hangfire-525\src\Hangfire.Core\Processing\BackgroundExecution.cs:line 118
ClientConnectionId:4f7f71a9-7f02-4315-9713-627ca440dbbd
Error Number:4060,State:1,Class:11
2026-01-29 18:30:29.718 +01:00 [DBG] Execution loop BackgroundServerProcess:9904528d caught an exception and will be retried in 00:00:15
Microsoft.Data.SqlClient.SqlException (0x80131904): Не удается открыть базу данных "NovelVision.Visualization", запрашиваемую именем входа. Не удалось выполнить вход.
При входе в систему пользователя "LAPTOP-OHNFI7TT\DATART" произошла ошибка.
   at Microsoft.Data.SqlClient.SqlInternalConnection.OnError(SqlException exception, Boolean breakConnection, Action`1 wrapCloseInAction)
   at Microsoft.Data.SqlClient.TdsParser.ThrowExceptionAndWarning(TdsParserStateObject stateObj, SqlCommand command, Boolean callerHasConnectionLock, Boolean asyncClose)
   at Microsoft.Data.SqlClient.TdsParser.TryRun(RunBehavior runBehavior, SqlCommand cmdHandler, SqlDataReader dataStream, BulkCopySimpleResultSet bulkCopyHandler, TdsParserStateObject stateObj, Boolean& dataReady)
   at Microsoft.Data.SqlClient.TdsParser.Run(RunBehavior runBehavior, SqlCommand cmdHandler, SqlDataReader dataStream, BulkCopySimpleResultSet bulkCopyHandler, TdsParserStateObject stateObj)
   at Microsoft.Data.SqlClient.SqlInternalConnectionTds.CompleteLogin(Boolean enlistOK)
   at Microsoft.Data.SqlClient.SqlInternalConnectionTds.AttemptOneLogin(ServerInfo serverInfo, String newPassword, SecureString newSecurePassword, TimeoutTimer timeout, Boolean withFailover)
   at Microsoft.Data.SqlClient.SqlInternalConnectionTds.LoginNoFailover(ServerInfo serverInfo, String newPassword, SecureString newSecurePassword, Boolean redirectedUserInstance, SqlConnectionString connectionOptions, SqlCredential credential, TimeoutTimer timeout)
   at Microsoft.Data.SqlClient.SqlInternalConnectionTds.OpenLoginEnlist(TimeoutTimer timeout, SqlConnectionString connectionOptions, SqlCredential credential, String newPassword, SecureString newSecurePassword, Boolean redirectedUserInstance)
   at Microsoft.Data.SqlClient.SqlInternalConnectionTds..ctor(DbConnectionPoolIdentity identity, SqlConnectionString connectionOptions, SqlCredential credential, Object providerInfo, String newPassword, SecureString newSecurePassword, Boolean redirectedUserInstance, SqlConnectionString userConnectionOptions, SessionData reconnectSessionData, Boolean applyTransientFaultHandling, String accessToken, DbConnectionPool pool, Func`3 accessTokenCallback)
   at Microsoft.Data.SqlClient.SqlConnectionFactory.CreateConnection(DbConnectionOptions options, DbConnectionPoolKey poolKey, Object poolGroupProviderInfo, DbConnectionPool pool, DbConnection owningConnection, DbConnectionOptions userOptions)
   at Microsoft.Data.ProviderBase.DbConnectionFactory.CreatePooledConnection(DbConnectionPool pool, DbConnection owningObject, DbConnectionOptions options, DbConnectionPoolKey poolKey, DbConnectionOptions userOptions)
   at Microsoft.Data.ProviderBase.DbConnectionPool.CreateObject(DbConnection owningObject, DbConnectionOptions userOptions, DbConnectionInternal oldConnection)
   at Microsoft.Data.ProviderBase.DbConnectionPool.UserCreateRequest(DbConnection owningObject, DbConnectionOptions userOptions, DbConnectionInternal oldConnection)
   at Microsoft.Data.ProviderBase.DbConnectionPool.TryGetConnection(DbConnection owningObject, UInt32 waitForMultipleObjectsTimeout, Boolean allowCreate, Boolean onlyOneCheckConnection, DbConnectionOptions userOptions, DbConnectionInternal& connection)
   at Microsoft.Data.ProviderBase.DbConnectionPool.TryGetConnection(DbConnection owningObject, TaskCompletionSource`1 retry, DbConnectionOptions userOptions, DbConnectionInternal& connection)
   at Microsoft.Data.ProviderBase.DbConnectionFactory.TryGetConnection(DbConnection owningConnection, TaskCompletionSource`1 retry, DbConnectionOptions userOptions, DbConnectionInternal oldConnection, DbConnectionInternal& connection)
   at Microsoft.Data.ProviderBase.DbConnectionInternal.TryOpenConnectionInternal(DbConnection outerConnection, DbConnectionFactory connectionFactory, TaskCompletionSource`1 retry, DbConnectionOptions userOptions)
   at Microsoft.Data.ProviderBase.DbConnectionClosed.TryOpenConnection(DbConnection outerConnection, DbConnectionFactory connectionFactory, TaskCompletionSource`1 retry, DbConnectionOptions userOptions)
   at Microsoft.Data.SqlClient.SqlConnection.TryOpen(TaskCompletionSource`1 retry, SqlConnectionOverrides overrides)
   at Microsoft.Data.SqlClient.SqlConnection.Open(SqlConnectionOverrides overrides)
   at Microsoft.Data.SqlClient.SqlConnection.Open()
   at Hangfire.SqlServer.SqlServerStorage.CreateAndOpenConnection() in C:\projects\hangfire-525\src\Hangfire.SqlServer\SqlServerStorage.cs:line 406
   at Hangfire.SqlServer.SqlServerStorage.UseConnection[TContext,TResult](DbConnection dedicatedConnection, Func`4 func, TContext context) in C:\projects\hangfire-525\src\Hangfire.SqlServer\SqlServerStorage.cs:line 291
   at Hangfire.SqlServer.SqlServerConnection.AnnounceServer(String serverId, ServerContext context) in C:\projects\hangfire-525\src\Hangfire.SqlServer\SqlServerConnection.cs:line 512
   at Hangfire.Server.BackgroundServerProcess.CreateServer(BackgroundServerContext context) in C:\projects\hangfire-525\src\Hangfire.Core\Server\BackgroundServerProcess.cs:line 209
   at Hangfire.Server.BackgroundServerProcess.Execute(Guid executionId, BackgroundExecution execution, CancellationToken stoppingToken, CancellationToken stoppedToken, CancellationToken shutdownToken) in C:\projects\hangfire-525\src\Hangfire.Core\Server\BackgroundServerProcess.cs:line 101
   at Hangfire.Server.BackgroundProcessingServer.RunServer(Guid executionId, Object state) in C:\projects\hangfire-525\src\Hangfire.Core\Server\BackgroundProcessingServer.cs:line 249
   at Hangfire.Processing.BackgroundExecution.Run(Action`2 callback, Object state) in C:\projects\hangfire-525\src\Hangfire.Core\Processing\BackgroundExecution.cs:line 118
ClientConnectionId:4f7f71a9-7f02-4315-9713-627ca440dbbd
Error Number:4060,State:1,Class:11
2026-01-29 18:30:29.720 +01:00 [DBG] Execution loop BackgroundServerProcess:9904528d will be retried in 00:00:15...
2026-01-29 18:30:44.723 +01:00 [ERR] Execution BackgroundServerProcess is still in the Failed state for 00:01:05.0782950 due to an exception, will be retried in no more than 00:00:15
Microsoft.Data.SqlClient.SqlException (0x80131904): Не удается открыть базу данных "NovelVision.Visualization", запрашиваемую именем входа. Не удалось выполнить вход.
При входе в систему пользователя "LAPTOP-OHNFI7TT\DATART" произошла ошибка.
   at Microsoft.Data.ProviderBase.DbConnectionPool.TryGetConnection(DbConnection owningObject, UInt32 waitForMultipleObjectsTimeout, Boolean allowCreate, Boolean onlyOneCheckConnection, DbConnectionOptions userOptions, DbConnectionInternal& connection)
   at Microsoft.Data.ProviderBase.DbConnectionPool.TryGetConnection(DbConnection owningObject, TaskCompletionSource`1 retry, DbConnectionOptions userOptions, DbConnectionInternal& connection)
   at Microsoft.Data.ProviderBase.DbConnectionFactory.TryGetConnection(DbConnection owningConnection, TaskCompletionSource`1 retry, DbConnectionOptions userOptions, DbConnectionInternal oldConnection, DbConnectionInternal& connection)
   at Microsoft.Data.ProviderBase.DbConnectionInternal.TryOpenConnectionInternal(DbConnection outerConnection, DbConnectionFactory connectionFactory, TaskCompletionSource`1 retry, DbConnectionOptions userOptions)
   at Microsoft.Data.ProviderBase.DbConnectionClosed.TryOpenConnection(DbConnection outerConnection, DbConnectionFactory connectionFactory, TaskCompletionSource`1 retry, DbConnectionOptions userOptions)
   at Microsoft.Data.SqlClient.SqlConnection.TryOpen(TaskCompletionSource`1 retry, SqlConnectionOverrides overrides)
   at Microsoft.Data.SqlClient.SqlConnection.Open(SqlConnectionOverrides overrides)
   at Microsoft.Data.SqlClient.SqlConnection.Open()
   at Hangfire.SqlServer.SqlServerStorage.CreateAndOpenConnection() in C:\projects\hangfire-525\src\Hangfire.SqlServer\SqlServerStorage.cs:line 406
   at Hangfire.SqlServer.SqlServerStorage.UseConnection[TContext,TResult](DbConnection dedicatedConnection, Func`4 func, TContext context) in C:\projects\hangfire-525\src\Hangfire.SqlServer\SqlServerStorage.cs:line 291
   at Hangfire.SqlServer.SqlServerConnection.AnnounceServer(String serverId, ServerContext context) in C:\projects\hangfire-525\src\Hangfire.SqlServer\SqlServerConnection.cs:line 512
   at Hangfire.Server.BackgroundServerProcess.CreateServer(BackgroundServerContext context) in C:\projects\hangfire-525\src\Hangfire.Core\Server\BackgroundServerProcess.cs:line 209
   at Hangfire.Server.BackgroundServerProcess.Execute(Guid executionId, BackgroundExecution execution, CancellationToken stoppingToken, CancellationToken stoppedToken, CancellationToken shutdownToken) in C:\projects\hangfire-525\src\Hangfire.Core\Server\BackgroundServerProcess.cs:line 101
   at Hangfire.Server.BackgroundProcessingServer.RunServer(Guid executionId, Object state) in C:\projects\hangfire-525\src\Hangfire.Core\Server\BackgroundProcessingServer.cs:line 249
   at Hangfire.Processing.BackgroundExecution.Run(Action`2 callback, Object state) in C:\projects\hangfire-525\src\Hangfire.Core\Processing\BackgroundExecution.cs:line 118
ClientConnectionId:4f7f71a9-7f02-4315-9713-627ca440dbbd
Error Number:4060,State:1,Class:11
2026-01-29 18:30:44.724 +01:00 [DBG] Execution loop BackgroundServerProcess:9904528d caught an exception and will be retried in 00:00:15
Microsoft.Data.SqlClient.SqlException (0x80131904): Не удается открыть базу данных "NovelVision.Visualization", запрашиваемую именем входа. Не удалось выполнить вход.
При входе в систему пользователя "LAPTOP-OHNFI7TT\DATART" произошла ошибка.
   at Microsoft.Data.ProviderBase.DbConnectionPool.TryGetConnection(DbConnection owningObject, UInt32 waitForMultipleObjectsTimeout, Boolean allowCreate, Boolean onlyOneCheckConnection, DbConnectionOptions userOptions, DbConnectionInternal& connection)
   at Microsoft.Data.ProviderBase.DbConnectionPool.TryGetConnection(DbConnection owningObject, TaskCompletionSource`1 retry, DbConnectionOptions userOptions, DbConnectionInternal& connection)
   at Microsoft.Data.ProviderBase.DbConnectionFactory.TryGetConnection(DbConnection owningConnection, TaskCompletionSource`1 retry, DbConnectionOptions userOptions, DbConnectionInternal oldConnection, DbConnectionInternal& connection)
   at Microsoft.Data.ProviderBase.DbConnectionInternal.TryOpenConnectionInternal(DbConnection outerConnection, DbConnectionFactory connectionFactory, TaskCompletionSource`1 retry, DbConnectionOptions userOptions)
   at Microsoft.Data.ProviderBase.DbConnectionClosed.TryOpenConnection(DbConnection outerConnection, DbConnectionFactory connectionFactory, TaskCompletionSource`1 retry, DbConnectionOptions userOptions)
   at Microsoft.Data.SqlClient.SqlConnection.TryOpen(TaskCompletionSource`1 retry, SqlConnectionOverrides overrides)
   at Microsoft.Data.SqlClient.SqlConnection.Open(SqlConnectionOverrides overrides)
   at Microsoft.Data.SqlClient.SqlConnection.Open()
   at Hangfire.SqlServer.SqlServerStorage.CreateAndOpenConnection() in C:\projects\hangfire-525\src\Hangfire.SqlServer\SqlServerStorage.cs:line 406
   at Hangfire.SqlServer.SqlServerStorage.UseConnection[TContext,TResult](DbConnection dedicatedConnection, Func`4 func, TContext context) in C:\projects\hangfire-525\src\Hangfire.SqlServer\SqlServerStorage.cs:line 291
   at Hangfire.SqlServer.SqlServerConnection.AnnounceServer(String serverId, ServerContext context) in C:\projects\hangfire-525\src\Hangfire.SqlServer\SqlServerConnection.cs:line 512
   at Hangfire.Server.BackgroundServerProcess.CreateServer(BackgroundServerContext context) in C:\projects\hangfire-525\src\Hangfire.Core\Server\BackgroundServerProcess.cs:line 209
   at Hangfire.Server.BackgroundServerProcess.Execute(Guid executionId, BackgroundExecution execution, CancellationToken stoppingToken, CancellationToken stoppedToken, CancellationToken shutdownToken) in C:\projects\hangfire-525\src\Hangfire.Core\Server\BackgroundServerProcess.cs:line 101
   at Hangfire.Server.BackgroundProcessingServer.RunServer(Guid executionId, Object state) in C:\projects\hangfire-525\src\Hangfire.Core\Server\BackgroundProcessingServer.cs:line 249
   at Hangfire.Processing.BackgroundExecution.Run(Action`2 callback, Object state) in C:\projects\hangfire-525\src\Hangfire.Core\Processing\BackgroundExecution.cs:line 118
ClientConnectionId:4f7f71a9-7f02-4315-9713-627ca440dbbd
Error Number:4060,State:1,Class:11
2026-01-29 18:30:44.726 +01:00 [DBG] Execution loop BackgroundServerProcess:9904528d will be retried in 00:00:15...
2026-01-29 18:31:09.758 +01:00 [ERR] Execution BackgroundServerProcess is still in the Failed state for 00:01:30.1127654 due to an exception, will be retried in no more than 00:00:15
Microsoft.Data.SqlClient.SqlException (0x80131904): Не удается открыть базу данных "NovelVision.Visualization", запрашиваемую именем входа. Не удалось выполнить вход.
При входе в систему пользователя "LAPTOP-OHNFI7TT\DATART" произошла ошибка.
   at Microsoft.Data.SqlClient.SqlInternalConnection.OnError(SqlException exception, Boolean breakConnection, Action`1 wrapCloseInAction)
   at Microsoft.Data.SqlClient.TdsParser.ThrowExceptionAndWarning(TdsParserStateObject stateObj, SqlCommand command, Boolean callerHasConnectionLock, Boolean asyncClose)
   at Microsoft.Data.SqlClient.TdsParser.TryRun(RunBehavior runBehavior, SqlCommand cmdHandler, SqlDataReader dataStream, BulkCopySimpleResultSet bulkCopyHandler, TdsParserStateObject stateObj, Boolean& dataReady)
   at Microsoft.Data.SqlClient.TdsParser.Run(RunBehavior runBehavior, SqlCommand cmdHandler, SqlDataReader dataStream, BulkCopySimpleResultSet bulkCopyHandler, TdsParserStateObject stateObj)
   at Microsoft.Data.SqlClient.SqlInternalConnectionTds.CompleteLogin(Boolean enlistOK)
   at Microsoft.Data.SqlClient.SqlInternalConnectionTds.AttemptOneLogin(ServerInfo serverInfo, String newPassword, SecureString newSecurePassword, TimeoutTimer timeout, Boolean withFailover)
   at Microsoft.Data.SqlClient.SqlInternalConnectionTds.LoginNoFailover(ServerInfo serverInfo, String newPassword, SecureString newSecurePassword, Boolean redirectedUserInstance, SqlConnectionString connectionOptions, SqlCredential credential, TimeoutTimer timeout)
   at Microsoft.Data.SqlClient.SqlInternalConnectionTds.OpenLoginEnlist(TimeoutTimer timeout, SqlConnectionString connectionOptions, SqlCredential credential, String newPassword, SecureString newSecurePassword, Boolean redirectedUserInstance)
   at Microsoft.Data.SqlClient.SqlInternalConnectionTds..ctor(DbConnectionPoolIdentity identity, SqlConnectionString connectionOptions, SqlCredential credential, Object providerInfo, String newPassword, SecureString newSecurePassword, Boolean redirectedUserInstance, SqlConnectionString userConnectionOptions, SessionData reconnectSessionData, Boolean applyTransientFaultHandling, String accessToken, DbConnectionPool pool, Func`3 accessTokenCallback)
   at Microsoft.Data.SqlClient.SqlConnectionFactory.CreateConnection(DbConnectionOptions options, DbConnectionPoolKey poolKey, Object poolGroupProviderInfo, DbConnectionPool pool, DbConnection owningConnection, DbConnectionOptions userOptions)
   at Microsoft.Data.ProviderBase.DbConnectionFactory.CreatePooledConnection(DbConnectionPool pool, DbConnection owningObject, DbConnectionOptions options, DbConnectionPoolKey poolKey, DbConnectionOptions userOptions)
   at Microsoft.Data.ProviderBase.DbConnectionPool.CreateObject(DbConnection owningObject, DbConnectionOptions userOptions, DbConnectionInternal oldConnection)
   at Microsoft.Data.ProviderBase.DbConnectionPool.UserCreateRequest(DbConnection owningObject, DbConnectionOptions userOptions, DbConnectionInternal oldConnection)
   at Microsoft.Data.ProviderBase.DbConnectionPool.TryGetConnection(DbConnection owningObject, UInt32 waitForMultipleObjectsTimeout, Boolean allowCreate, Boolean onlyOneCheckConnection, DbConnectionOptions userOptions, DbConnectionInternal& connection)
   at Microsoft.Data.ProviderBase.DbConnectionPool.TryGetConnection(DbConnection owningObject, TaskCompletionSource`1 retry, DbConnectionOptions userOptions, DbConnectionInternal& connection)
   at Microsoft.Data.ProviderBase.DbConnectionFactory.TryGetConnection(DbConnection owningConnection, TaskCompletionSource`1 retry, DbConnectionOptions userOptions, DbConnectionInternal oldConnection, DbConnectionInternal& connection)
   at Microsoft.Data.ProviderBase.DbConnectionInternal.TryOpenConnectionInternal(DbConnection outerConnection, DbConnectionFactory connectionFactory, TaskCompletionSource`1 retry, DbConnectionOptions userOptions)
   at Microsoft.Data.ProviderBase.DbConnectionClosed.TryOpenConnection(DbConnection outerConnection, DbConnectionFactory connectionFactory, TaskCompletionSource`1 retry, DbConnectionOptions userOptions)
   at Microsoft.Data.SqlClient.SqlConnection.TryOpen(TaskCompletionSource`1 retry, SqlConnectionOverrides overrides)
   at Microsoft.Data.SqlClient.SqlConnection.Open(SqlConnectionOverrides overrides)
   at Microsoft.Data.SqlClient.SqlConnection.Open()
   at Hangfire.SqlServer.SqlServerStorage.CreateAndOpenConnection() in C:\projects\hangfire-525\src\Hangfire.SqlServer\SqlServerStorage.cs:line 406
   at Hangfire.SqlServer.SqlServerStorage.UseConnection[TContext,TResult](DbConnection dedicatedConnection, Func`4 func, TContext context) in C:\projects\hangfire-525\src\Hangfire.SqlServer\SqlServerStorage.cs:line 291
   at Hangfire.SqlServer.SqlServerConnection.AnnounceServer(String serverId, ServerContext context) in C:\projects\hangfire-525\src\Hangfire.SqlServer\SqlServerConnection.cs:line 512
   at Hangfire.Server.BackgroundServerProcess.CreateServer(BackgroundServerContext context) in C:\projects\hangfire-525\src\Hangfire.Core\Server\BackgroundServerProcess.cs:line 209
   at Hangfire.Server.BackgroundServerProcess.Execute(Guid executionId, BackgroundExecution execution, CancellationToken stoppingToken, CancellationToken stoppedToken, CancellationToken shutdownToken) in C:\projects\hangfire-525\src\Hangfire.Core\Server\BackgroundServerProcess.cs:line 101
   at Hangfire.Server.BackgroundProcessingServer.RunServer(Guid executionId, Object state) in C:\projects\hangfire-525\src\Hangfire.Core\Server\BackgroundProcessingServer.cs:line 249
   at Hangfire.Processing.BackgroundExecution.Run(Action`2 callback, Object state) in C:\projects\hangfire-525\src\Hangfire.Core\Processing\BackgroundExecution.cs:line 118
ClientConnectionId:19934b83-8985-4f8f-8e57-0651613ca32b
Error Number:4060,State:1,Class:11
2026-01-29 18:31:09.759 +01:00 [DBG] Execution loop BackgroundServerProcess:9904528d caught an exception and will be retried in 00:00:15
Microsoft.Data.SqlClient.SqlException (0x80131904): Не удается открыть базу данных "NovelVision.Visualization", запрашиваемую именем входа. Не удалось выполнить вход.
При входе в систему пользователя "LAPTOP-OHNFI7TT\DATART" произошла ошибка.
   at Microsoft.Data.SqlClient.SqlInternalConnection.OnError(SqlException exception, Boolean breakConnection, Action`1 wrapCloseInAction)
   at Microsoft.Data.SqlClient.TdsParser.ThrowExceptionAndWarning(TdsParserStateObject stateObj, SqlCommand command, Boolean callerHasConnectionLock, Boolean asyncClose)
   at Microsoft.Data.SqlClient.TdsParser.TryRun(RunBehavior runBehavior, SqlCommand cmdHandler, SqlDataReader dataStream, BulkCopySimpleResultSet bulkCopyHandler, TdsParserStateObject stateObj, Boolean& dataReady)
   at Microsoft.Data.SqlClient.TdsParser.Run(RunBehavior runBehavior, SqlCommand cmdHandler, SqlDataReader dataStream, BulkCopySimpleResultSet bulkCopyHandler, TdsParserStateObject stateObj)
   at Microsoft.Data.SqlClient.SqlInternalConnectionTds.CompleteLogin(Boolean enlistOK)
   at Microsoft.Data.SqlClient.SqlInternalConnectionTds.AttemptOneLogin(ServerInfo serverInfo, String newPassword, SecureString newSecurePassword, TimeoutTimer timeout, Boolean withFailover)
   at Microsoft.Data.SqlClient.SqlInternalConnectionTds.LoginNoFailover(ServerInfo serverInfo, String newPassword, SecureString newSecurePassword, Boolean redirectedUserInstance, SqlConnectionString connectionOptions, SqlCredential credential, TimeoutTimer timeout)
   at Microsoft.Data.SqlClient.SqlInternalConnectionTds.OpenLoginEnlist(TimeoutTimer timeout, SqlConnectionString connectionOptions, SqlCredential credential, String newPassword, SecureString newSecurePassword, Boolean redirectedUserInstance)
   at Microsoft.Data.SqlClient.SqlInternalConnectionTds..ctor(DbConnectionPoolIdentity identity, SqlConnectionString connectionOptions, SqlCredential credential, Object providerInfo, String newPassword, SecureString newSecurePassword, Boolean redirectedUserInstance, SqlConnectionString userConnectionOptions, SessionData reconnectSessionData, Boolean applyTransientFaultHandling, String accessToken, DbConnectionPool pool, Func`3 accessTokenCallback)
   at Microsoft.Data.SqlClient.SqlConnectionFactory.CreateConnection(DbConnectionOptions options, DbConnectionPoolKey poolKey, Object poolGroupProviderInfo, DbConnectionPool pool, DbConnection owningConnection, DbConnectionOptions userOptions)
   at Microsoft.Data.ProviderBase.DbConnectionFactory.CreatePooledConnection(DbConnectionPool pool, DbConnection owningObject, DbConnectionOptions options, DbConnectionPoolKey poolKey, DbConnectionOptions userOptions)
   at Microsoft.Data.ProviderBase.DbConnectionPool.CreateObject(DbConnection owningObject, DbConnectionOptions userOptions, DbConnectionInternal oldConnection)
   at Microsoft.Data.ProviderBase.DbConnectionPool.UserCreateRequest(DbConnection owningObject, DbConnectionOptions userOptions, DbConnectionInternal oldConnection)
   at Microsoft.Data.ProviderBase.DbConnectionPool.TryGetConnection(DbConnection owningObject, UInt32 waitForMultipleObjectsTimeout, Boolean allowCreate, Boolean onlyOneCheckConnection, DbConnectionOptions userOptions, DbConnectionInternal& connection)
   at Microsoft.Data.ProviderBase.DbConnectionPool.TryGetConnection(DbConnection owningObject, TaskCompletionSource`1 retry, DbConnectionOptions userOptions, DbConnectionInternal& connection)
   at Microsoft.Data.ProviderBase.DbConnectionFactory.TryGetConnection(DbConnection owningConnection, TaskCompletionSource`1 retry, DbConnectionOptions userOptions, DbConnectionInternal oldConnection, DbConnectionInternal& connection)
   at Microsoft.Data.ProviderBase.DbConnectionInternal.TryOpenConnectionInternal(DbConnection outerConnection, DbConnectionFactory connectionFactory, TaskCompletionSource`1 retry, DbConnectionOptions userOptions)
   at Microsoft.Data.ProviderBase.DbConnectionClosed.TryOpenConnection(DbConnection outerConnection, DbConnectionFactory connectionFactory, TaskCompletionSource`1 retry, DbConnectionOptions userOptions)
   at Microsoft.Data.SqlClient.SqlConnection.TryOpen(TaskCompletionSource`1 retry, SqlConnectionOverrides overrides)
   at Microsoft.Data.SqlClient.SqlConnection.Open(SqlConnectionOverrides overrides)
   at Microsoft.Data.SqlClient.SqlConnection.Open()
   at Hangfire.SqlServer.SqlServerStorage.CreateAndOpenConnection() in C:\projects\hangfire-525\src\Hangfire.SqlServer\SqlServerStorage.cs:line 406
   at Hangfire.SqlServer.SqlServerStorage.UseConnection[TContext,TResult](DbConnection dedicatedConnection, Func`4 func, TContext context) in C:\projects\hangfire-525\src\Hangfire.SqlServer\SqlServerStorage.cs:line 291
   at Hangfire.SqlServer.SqlServerConnection.AnnounceServer(String serverId, ServerContext context) in C:\projects\hangfire-525\src\Hangfire.SqlServer\SqlServerConnection.cs:line 512
   at Hangfire.Server.BackgroundServerProcess.CreateServer(BackgroundServerContext context) in C:\projects\hangfire-525\src\Hangfire.Core\Server\BackgroundServerProcess.cs:line 209
   at Hangfire.Server.BackgroundServerProcess.Execute(Guid executionId, BackgroundExecution execution, CancellationToken stoppingToken, CancellationToken stoppedToken, CancellationToken shutdownToken) in C:\projects\hangfire-525\src\Hangfire.Core\Server\BackgroundServerProcess.cs:line 101
   at Hangfire.Server.BackgroundProcessingServer.RunServer(Guid executionId, Object state) in C:\projects\hangfire-525\src\Hangfire.Core\Server\BackgroundProcessingServer.cs:line 249
   at Hangfire.Processing.BackgroundExecution.Run(Action`2 callback, Object state) in C:\projects\hangfire-525\src\Hangfire.Core\Processing\BackgroundExecution.cs:line 118
ClientConnectionId:19934b83-8985-4f8f-8e57-0651613ca32b
Error Number:4060,State:1,Class:11
2026-01-29 18:31:09.761 +01:00 [DBG] Execution loop BackgroundServerProcess:9904528d will be retried in 00:00:15...
2026-01-29 18:31:24.766 +01:00 [ERR] Execution BackgroundServerProcess is still in the Failed state for 00:01:45.1206459 due to an exception, will be retried in no more than 00:00:15
Microsoft.Data.SqlClient.SqlException (0x80131904): Не удается открыть базу данных "NovelVision.Visualization", запрашиваемую именем входа. Не удалось выполнить вход.
При входе в систему пользователя "LAPTOP-OHNFI7TT\DATART" произошла ошибка.
   at Microsoft.Data.ProviderBase.DbConnectionPool.TryGetConnection(DbConnection owningObject, UInt32 waitForMultipleObjectsTimeout, Boolean allowCreate, Boolean onlyOneCheckConnection, DbConnectionOptions userOptions, DbConnectionInternal& connection)
   at Microsoft.Data.ProviderBase.DbConnectionPool.TryGetConnection(DbConnection owningObject, TaskCompletionSource`1 retry, DbConnectionOptions userOptions, DbConnectionInternal& connection)
   at Microsoft.Data.ProviderBase.DbConnectionFactory.TryGetConnection(DbConnection owningConnection, TaskCompletionSource`1 retry, DbConnectionOptions userOptions, DbConnectionInternal oldConnection, DbConnectionInternal& connection)
   at Microsoft.Data.ProviderBase.DbConnectionInternal.TryOpenConnectionInternal(DbConnection outerConnection, DbConnectionFactory connectionFactory, TaskCompletionSource`1 retry, DbConnectionOptions userOptions)
   at Microsoft.Data.ProviderBase.DbConnectionClosed.TryOpenConnection(DbConnection outerConnection, DbConnectionFactory connectionFactory, TaskCompletionSource`1 retry, DbConnectionOptions userOptions)
   at Microsoft.Data.SqlClient.SqlConnection.TryOpen(TaskCompletionSource`1 retry, SqlConnectionOverrides overrides)
   at Microsoft.Data.SqlClient.SqlConnection.Open(SqlConnectionOverrides overrides)
   at Microsoft.Data.SqlClient.SqlConnection.Open()
   at Hangfire.SqlServer.SqlServerStorage.CreateAndOpenConnection() in C:\projects\hangfire-525\src\Hangfire.SqlServer\SqlServerStorage.cs:line 406
   at Hangfire.SqlServer.SqlServerStorage.UseConnection[TContext,TResult](DbConnection dedicatedConnection, Func`4 func, TContext context) in C:\projects\hangfire-525\src\Hangfire.SqlServer\SqlServerStorage.cs:line 291
   at Hangfire.SqlServer.SqlServerConnection.AnnounceServer(String serverId, ServerContext context) in C:\projects\hangfire-525\src\Hangfire.SqlServer\SqlServerConnection.cs:line 512
   at Hangfire.Server.BackgroundServerProcess.CreateServer(BackgroundServerContext context) in C:\projects\hangfire-525\src\Hangfire.Core\Server\BackgroundServerProcess.cs:line 209
   at Hangfire.Server.BackgroundServerProcess.Execute(Guid executionId, BackgroundExecution execution, CancellationToken stoppingToken, CancellationToken stoppedToken, CancellationToken shutdownToken) in C:\projects\hangfire-525\src\Hangfire.Core\Server\BackgroundServerProcess.cs:line 101
   at Hangfire.Server.BackgroundProcessingServer.RunServer(Guid executionId, Object state) in C:\projects\hangfire-525\src\Hangfire.Core\Server\BackgroundProcessingServer.cs:line 249
   at Hangfire.Processing.BackgroundExecution.Run(Action`2 callback, Object state) in C:\projects\hangfire-525\src\Hangfire.Core\Processing\BackgroundExecution.cs:line 118
ClientConnectionId:19934b83-8985-4f8f-8e57-0651613ca32b
Error Number:4060,State:1,Class:11
2026-01-29 18:31:24.767 +01:00 [DBG] Execution loop BackgroundServerProcess:9904528d caught an exception and will be retried in 00:00:15
Microsoft.Data.SqlClient.SqlException (0x80131904): Не удается открыть базу данных "NovelVision.Visualization", запрашиваемую именем входа. Не удалось выполнить вход.
При входе в систему пользователя "LAPTOP-OHNFI7TT\DATART" произошла ошибка.
   at Microsoft.Data.ProviderBase.DbConnectionPool.TryGetConnection(DbConnection owningObject, UInt32 waitForMultipleObjectsTimeout, Boolean allowCreate, Boolean onlyOneCheckConnection, DbConnectionOptions userOptions, DbConnectionInternal& connection)
   at Microsoft.Data.ProviderBase.DbConnectionPool.TryGetConnection(DbConnection owningObject, TaskCompletionSource`1 retry, DbConnectionOptions userOptions, DbConnectionInternal& connection)
   at Microsoft.Data.ProviderBase.DbConnectionFactory.TryGetConnection(DbConnection owningConnection, TaskCompletionSource`1 retry, DbConnectionOptions userOptions, DbConnectionInternal oldConnection, DbConnectionInternal& connection)
   at Microsoft.Data.ProviderBase.DbConnectionInternal.TryOpenConnectionInternal(DbConnection outerConnection, DbConnectionFactory connectionFactory, TaskCompletionSource`1 retry, DbConnectionOptions userOptions)
   at Microsoft.Data.ProviderBase.DbConnectionClosed.TryOpenConnection(DbConnection outerConnection, DbConnectionFactory connectionFactory, TaskCompletionSource`1 retry, DbConnectionOptions userOptions)
   at Microsoft.Data.SqlClient.SqlConnection.TryOpen(TaskCompletionSource`1 retry, SqlConnectionOverrides overrides)
   at Microsoft.Data.SqlClient.SqlConnection.Open(SqlConnectionOverrides overrides)
   at Microsoft.Data.SqlClient.SqlConnection.Open()
   at Hangfire.SqlServer.SqlServerStorage.CreateAndOpenConnection() in C:\projects\hangfire-525\src\Hangfire.SqlServer\SqlServerStorage.cs:line 406
   at Hangfire.SqlServer.SqlServerStorage.UseConnection[TContext,TResult](DbConnection dedicatedConnection, Func`4 func, TContext context) in C:\projects\hangfire-525\src\Hangfire.SqlServer\SqlServerStorage.cs:line 291
   at Hangfire.SqlServer.SqlServerConnection.AnnounceServer(String serverId, ServerContext context) in C:\projects\hangfire-525\src\Hangfire.SqlServer\SqlServerConnection.cs:line 512
   at Hangfire.Server.BackgroundServerProcess.CreateServer(BackgroundServerContext context) in C:\projects\hangfire-525\src\Hangfire.Core\Server\BackgroundServerProcess.cs:line 209
   at Hangfire.Server.BackgroundServerProcess.Execute(Guid executionId, BackgroundExecution execution, CancellationToken stoppingToken, CancellationToken stoppedToken, CancellationToken shutdownToken) in C:\projects\hangfire-525\src\Hangfire.Core\Server\BackgroundServerProcess.cs:line 101
   at Hangfire.Server.BackgroundProcessingServer.RunServer(Guid executionId, Object state) in C:\projects\hangfire-525\src\Hangfire.Core\Server\BackgroundProcessingServer.cs:line 249
   at Hangfire.Processing.BackgroundExecution.Run(Action`2 callback, Object state) in C:\projects\hangfire-525\src\Hangfire.Core\Processing\BackgroundExecution.cs:line 118
ClientConnectionId:19934b83-8985-4f8f-8e57-0651613ca32b
Error Number:4060,State:1,Class:11
2026-01-29 18:31:24.769 +01:00 [DBG] Execution loop BackgroundServerProcess:9904528d will be retried in 00:00:15...
2026-01-29 18:31:39.772 +01:00 [ERR] Execution BackgroundServerProcess is still in the Failed state for 00:02:00.1268757 due to an exception, will be retried in no more than 00:00:15
Microsoft.Data.SqlClient.SqlException (0x80131904): Не удается открыть базу данных "NovelVision.Visualization", запрашиваемую именем входа. Не удалось выполнить вход.
При входе в систему пользователя "LAPTOP-OHNFI7TT\DATART" произошла ошибка.
   at Microsoft.Data.ProviderBase.DbConnectionPool.TryGetConnection(DbConnection owningObject, UInt32 waitForMultipleObjectsTimeout, Boolean allowCreate, Boolean onlyOneCheckConnection, DbConnectionOptions userOptions, DbConnectionInternal& connection)
   at Microsoft.Data.ProviderBase.DbConnectionPool.TryGetConnection(DbConnection owningObject, TaskCompletionSource`1 retry, DbConnectionOptions userOptions, DbConnectionInternal& connection)
   at Microsoft.Data.ProviderBase.DbConnectionFactory.TryGetConnection(DbConnection owningConnection, TaskCompletionSource`1 retry, DbConnectionOptions userOptions, DbConnectionInternal oldConnection, DbConnectionInternal& connection)
   at Microsoft.Data.ProviderBase.DbConnectionInternal.TryOpenConnectionInternal(DbConnection outerConnection, DbConnectionFactory connectionFactory, TaskCompletionSource`1 retry, DbConnectionOptions userOptions)
   at Microsoft.Data.ProviderBase.DbConnectionClosed.TryOpenConnection(DbConnection outerConnection, DbConnectionFactory connectionFactory, TaskCompletionSource`1 retry, DbConnectionOptions userOptions)
   at Microsoft.Data.SqlClient.SqlConnection.TryOpen(TaskCompletionSource`1 retry, SqlConnectionOverrides overrides)
   at Microsoft.Data.SqlClient.SqlConnection.Open(SqlConnectionOverrides overrides)
   at Microsoft.Data.SqlClient.SqlConnection.Open()
   at Hangfire.SqlServer.SqlServerStorage.CreateAndOpenConnection() in C:\projects\hangfire-525\src\Hangfire.SqlServer\SqlServerStorage.cs:line 406
   at Hangfire.SqlServer.SqlServerStorage.UseConnection[TContext,TResult](DbConnection dedicatedConnection, Func`4 func, TContext context) in C:\projects\hangfire-525\src\Hangfire.SqlServer\SqlServerStorage.cs:line 291
   at Hangfire.SqlServer.SqlServerConnection.AnnounceServer(String serverId, ServerContext context) in C:\projects\hangfire-525\src\Hangfire.SqlServer\SqlServerConnection.cs:line 512
   at Hangfire.Server.BackgroundServerProcess.CreateServer(BackgroundServerContext context) in C:\projects\hangfire-525\src\Hangfire.Core\Server\BackgroundServerProcess.cs:line 209
   at Hangfire.Server.BackgroundServerProcess.Execute(Guid executionId, BackgroundExecution execution, CancellationToken stoppingToken, CancellationToken stoppedToken, CancellationToken shutdownToken) in C:\projects\hangfire-525\src\Hangfire.Core\Server\BackgroundServerProcess.cs:line 101
   at Hangfire.Server.BackgroundProcessingServer.RunServer(Guid executionId, Object state) in C:\projects\hangfire-525\src\Hangfire.Core\Server\BackgroundProcessingServer.cs:line 249
   at Hangfire.Processing.BackgroundExecution.Run(Action`2 callback, Object state) in C:\projects\hangfire-525\src\Hangfire.Core\Processing\BackgroundExecution.cs:line 118
ClientConnectionId:19934b83-8985-4f8f-8e57-0651613ca32b
Error Number:4060,State:1,Class:11
2026-01-29 18:31:39.774 +01:00 [DBG] Execution loop BackgroundServerProcess:9904528d caught an exception and will be retried in 00:00:15
Microsoft.Data.SqlClient.SqlException (0x80131904): Не удается открыть базу данных "NovelVision.Visualization", запрашиваемую именем входа. Не удалось выполнить вход.
При входе в систему пользователя "LAPTOP-OHNFI7TT\DATART" произошла ошибка.
   at Microsoft.Data.ProviderBase.DbConnectionPool.TryGetConnection(DbConnection owningObject, UInt32 waitForMultipleObjectsTimeout, Boolean allowCreate, Boolean onlyOneCheckConnection, DbConnectionOptions userOptions, DbConnectionInternal& connection)
   at Microsoft.Data.ProviderBase.DbConnectionPool.TryGetConnection(DbConnection owningObject, TaskCompletionSource`1 retry, DbConnectionOptions userOptions, DbConnectionInternal& connection)
   at Microsoft.Data.ProviderBase.DbConnectionFactory.TryGetConnection(DbConnection owningConnection, TaskCompletionSource`1 retry, DbConnectionOptions userOptions, DbConnectionInternal oldConnection, DbConnectionInternal& connection)
   at Microsoft.Data.ProviderBase.DbConnectionInternal.TryOpenConnectionInternal(DbConnection outerConnection, DbConnectionFactory connectionFactory, TaskCompletionSource`1 retry, DbConnectionOptions userOptions)
   at Microsoft.Data.ProviderBase.DbConnectionClosed.TryOpenConnection(DbConnection outerConnection, DbConnectionFactory connectionFactory, TaskCompletionSource`1 retry, DbConnectionOptions userOptions)
   at Microsoft.Data.SqlClient.SqlConnection.TryOpen(TaskCompletionSource`1 retry, SqlConnectionOverrides overrides)
   at Microsoft.Data.SqlClient.SqlConnection.Open(SqlConnectionOverrides overrides)
   at Microsoft.Data.SqlClient.SqlConnection.Open()
   at Hangfire.SqlServer.SqlServerStorage.CreateAndOpenConnection() in C:\projects\hangfire-525\src\Hangfire.SqlServer\SqlServerStorage.cs:line 406
   at Hangfire.SqlServer.SqlServerStorage.UseConnection[TContext,TResult](DbConnection dedicatedConnection, Func`4 func, TContext context) in C:\projects\hangfire-525\src\Hangfire.SqlServer\SqlServerStorage.cs:line 291
   at Hangfire.SqlServer.SqlServerConnection.AnnounceServer(String serverId, ServerContext context) in C:\projects\hangfire-525\src\Hangfire.SqlServer\SqlServerConnection.cs:line 512
   at Hangfire.Server.BackgroundServerProcess.CreateServer(BackgroundServerContext context) in C:\projects\hangfire-525\src\Hangfire.Core\Server\BackgroundServerProcess.cs:line 209
   at Hangfire.Server.BackgroundServerProcess.Execute(Guid executionId, BackgroundExecution execution, CancellationToken stoppingToken, CancellationToken stoppedToken, CancellationToken shutdownToken) in C:\projects\hangfire-525\src\Hangfire.Core\Server\BackgroundServerProcess.cs:line 101
   at Hangfire.Server.BackgroundProcessingServer.RunServer(Guid executionId, Object state) in C:\projects\hangfire-525\src\Hangfire.Core\Server\BackgroundProcessingServer.cs:line 249
   at Hangfire.Processing.BackgroundExecution.Run(Action`2 callback, Object state) in C:\projects\hangfire-525\src\Hangfire.Core\Processing\BackgroundExecution.cs:line 118
ClientConnectionId:19934b83-8985-4f8f-8e57-0651613ca32b
Error Number:4060,State:1,Class:11
2026-01-29 18:31:39.774 +01:00 [DBG] Execution loop BackgroundServerProcess:9904528d will be retried in 00:00:15...
2026-01-29 18:32:04.795 +01:00 [ERR] Execution BackgroundServerProcess is still in the Failed state for 00:02:25.1499580 due to an exception, will be retried in no more than 00:00:15
Microsoft.Data.SqlClient.SqlException (0x80131904): Не удается открыть базу данных "NovelVision.Visualization", запрашиваемую именем входа. Не удалось выполнить вход.
При входе в систему пользователя "LAPTOP-OHNFI7TT\DATART" произошла ошибка.
   at Microsoft.Data.SqlClient.SqlInternalConnection.OnError(SqlException exception, Boolean breakConnection, Action`1 wrapCloseInAction)
   at Microsoft.Data.SqlClient.TdsParser.ThrowExceptionAndWarning(TdsParserStateObject stateObj, SqlCommand command, Boolean callerHasConnectionLock, Boolean asyncClose)
   at Microsoft.Data.SqlClient.TdsParser.TryRun(RunBehavior runBehavior, SqlCommand cmdHandler, SqlDataReader dataStream, BulkCopySimpleResultSet bulkCopyHandler, TdsParserStateObject stateObj, Boolean& dataReady)
   at Microsoft.Data.SqlClient.TdsParser.Run(RunBehavior runBehavior, SqlCommand cmdHandler, SqlDataReader dataStream, BulkCopySimpleResultSet bulkCopyHandler, TdsParserStateObject stateObj)
   at Microsoft.Data.SqlClient.SqlInternalConnectionTds.CompleteLogin(Boolean enlistOK)
   at Microsoft.Data.SqlClient.SqlInternalConnectionTds.AttemptOneLogin(ServerInfo serverInfo, String newPassword, SecureString newSecurePassword, TimeoutTimer timeout, Boolean withFailover)
   at Microsoft.Data.SqlClient.SqlInternalConnectionTds.LoginNoFailover(ServerInfo serverInfo, String newPassword, SecureString newSecurePassword, Boolean redirectedUserInstance, SqlConnectionString connectionOptions, SqlCredential credential, TimeoutTimer timeout)
   at Microsoft.Data.SqlClient.SqlInternalConnectionTds.OpenLoginEnlist(TimeoutTimer timeout, SqlConnectionString connectionOptions, SqlCredential credential, String newPassword, SecureString newSecurePassword, Boolean redirectedUserInstance)
   at Microsoft.Data.SqlClient.SqlInternalConnectionTds..ctor(DbConnectionPoolIdentity identity, SqlConnectionString connectionOptions, SqlCredential credential, Object providerInfo, String newPassword, SecureString newSecurePassword, Boolean redirectedUserInstance, SqlConnectionString userConnectionOptions, SessionData reconnectSessionData, Boolean applyTransientFaultHandling, String accessToken, DbConnectionPool pool, Func`3 accessTokenCallback)
   at Microsoft.Data.SqlClient.SqlConnectionFactory.CreateConnection(DbConnectionOptions options, DbConnectionPoolKey poolKey, Object poolGroupProviderInfo, DbConnectionPool pool, DbConnection owningConnection, DbConnectionOptions userOptions)
   at Microsoft.Data.ProviderBase.DbConnectionFactory.CreatePooledConnection(DbConnectionPool pool, DbConnection owningObject, DbConnectionOptions options, DbConnectionPoolKey poolKey, DbConnectionOptions userOptions)
   at Microsoft.Data.ProviderBase.DbConnectionPool.CreateObject(DbConnection owningObject, DbConnectionOptions userOptions, DbConnectionInternal oldConnection)
   at Microsoft.Data.ProviderBase.DbConnectionPool.UserCreateRequest(DbConnection owningObject, DbConnectionOptions userOptions, DbConnectionInternal oldConnection)
   at Microsoft.Data.ProviderBase.DbConnectionPool.TryGetConnection(DbConnection owningObject, UInt32 waitForMultipleObjectsTimeout, Boolean allowCreate, Boolean onlyOneCheckConnection, DbConnectionOptions userOptions, DbConnectionInternal& connection)
   at Microsoft.Data.ProviderBase.DbConnectionPool.TryGetConnection(DbConnection owningObject, TaskCompletionSource`1 retry, DbConnectionOptions userOptions, DbConnectionInternal& connection)
   at Microsoft.Data.ProviderBase.DbConnectionFactory.TryGetConnection(DbConnection owningConnection, TaskCompletionSource`1 retry, DbConnectionOptions userOptions, DbConnectionInternal oldConnection, DbConnectionInternal& connection)
   at Microsoft.Data.ProviderBase.DbConnectionInternal.TryOpenConnectionInternal(DbConnection outerConnection, DbConnectionFactory connectionFactory, TaskCompletionSource`1 retry, DbConnectionOptions userOptions)
   at Microsoft.Data.ProviderBase.DbConnectionClosed.TryOpenConnection(DbConnection outerConnection, DbConnectionFactory connectionFactory, TaskCompletionSource`1 retry, DbConnectionOptions userOptions)
   at Microsoft.Data.SqlClient.SqlConnection.TryOpen(TaskCompletionSource`1 retry, SqlConnectionOverrides overrides)
   at Microsoft.Data.SqlClient.SqlConnection.Open(SqlConnectionOverrides overrides)
   at Microsoft.Data.SqlClient.SqlConnection.Open()
   at Hangfire.SqlServer.SqlServerStorage.CreateAndOpenConnection() in C:\projects\hangfire-525\src\Hangfire.SqlServer\SqlServerStorage.cs:line 406
   at Hangfire.SqlServer.SqlServerStorage.UseConnection[TContext,TResult](DbConnection dedicatedConnection, Func`4 func, TContext context) in C:\projects\hangfire-525\src\Hangfire.SqlServer\SqlServerStorage.cs:line 291
   at Hangfire.SqlServer.SqlServerConnection.AnnounceServer(String serverId, ServerContext context) in C:\projects\hangfire-525\src\Hangfire.SqlServer\SqlServerConnection.cs:line 512
   at Hangfire.Server.BackgroundServerProcess.CreateServer(BackgroundServerContext context) in C:\projects\hangfire-525\src\Hangfire.Core\Server\BackgroundServerProcess.cs:line 209
   at Hangfire.Server.BackgroundServerProcess.Execute(Guid executionId, BackgroundExecution execution, CancellationToken stoppingToken, CancellationToken stoppedToken, CancellationToken shutdownToken) in C:\projects\hangfire-525\src\Hangfire.Core\Server\BackgroundServerProcess.cs:line 101
   at Hangfire.Server.BackgroundProcessingServer.RunServer(Guid executionId, Object state) in C:\projects\hangfire-525\src\Hangfire.Core\Server\BackgroundProcessingServer.cs:line 249
   at Hangfire.Processing.BackgroundExecution.Run(Action`2 callback, Object state) in C:\projects\hangfire-525\src\Hangfire.Core\Processing\BackgroundExecution.cs:line 118
ClientConnectionId:3f5f5741-5904-456c-a8e3-fe4011a74097
Error Number:4060,State:1,Class:11
2026-01-29 18:32:04.796 +01:00 [DBG] Execution loop BackgroundServerProcess:9904528d caught an exception and will be retried in 00:00:15
Microsoft.Data.SqlClient.SqlException (0x80131904): Не удается открыть базу данных "NovelVision.Visualization", запрашиваемую именем входа. Не удалось выполнить вход.
При входе в систему пользователя "LAPTOP-OHNFI7TT\DATART" произошла ошибка.
   at Microsoft.Data.SqlClient.SqlInternalConnection.OnError(SqlException exception, Boolean breakConnection, Action`1 wrapCloseInAction)
   at Microsoft.Data.SqlClient.TdsParser.ThrowExceptionAndWarning(TdsParserStateObject stateObj, SqlCommand command, Boolean callerHasConnectionLock, Boolean asyncClose)
   at Microsoft.Data.SqlClient.TdsParser.TryRun(RunBehavior runBehavior, SqlCommand cmdHandler, SqlDataReader dataStream, BulkCopySimpleResultSet bulkCopyHandler, TdsParserStateObject stateObj, Boolean& dataReady)
   at Microsoft.Data.SqlClient.TdsParser.Run(RunBehavior runBehavior, SqlCommand cmdHandler, SqlDataReader dataStream, BulkCopySimpleResultSet bulkCopyHandler, TdsParserStateObject stateObj)
   at Microsoft.Data.SqlClient.SqlInternalConnectionTds.CompleteLogin(Boolean enlistOK)
   at Microsoft.Data.SqlClient.SqlInternalConnectionTds.AttemptOneLogin(ServerInfo serverInfo, String newPassword, SecureString newSecurePassword, TimeoutTimer timeout, Boolean withFailover)
   at Microsoft.Data.SqlClient.SqlInternalConnectionTds.LoginNoFailover(ServerInfo serverInfo, String newPassword, SecureString newSecurePassword, Boolean redirectedUserInstance, SqlConnectionString connectionOptions, SqlCredential credential, TimeoutTimer timeout)
   at Microsoft.Data.SqlClient.SqlInternalConnectionTds.OpenLoginEnlist(TimeoutTimer timeout, SqlConnectionString connectionOptions, SqlCredential credential, String newPassword, SecureString newSecurePassword, Boolean redirectedUserInstance)
   at Microsoft.Data.SqlClient.SqlInternalConnectionTds..ctor(DbConnectionPoolIdentity identity, SqlConnectionString connectionOptions, SqlCredential credential, Object providerInfo, String newPassword, SecureString newSecurePassword, Boolean redirectedUserInstance, SqlConnectionString userConnectionOptions, SessionData reconnectSessionData, Boolean applyTransientFaultHandling, String accessToken, DbConnectionPool pool, Func`3 accessTokenCallback)
   at Microsoft.Data.SqlClient.SqlConnectionFactory.CreateConnection(DbConnectionOptions options, DbConnectionPoolKey poolKey, Object poolGroupProviderInfo, DbConnectionPool pool, DbConnection owningConnection, DbConnectionOptions userOptions)
   at Microsoft.Data.ProviderBase.DbConnectionFactory.CreatePooledConnection(DbConnectionPool pool, DbConnection owningObject, DbConnectionOptions options, DbConnectionPoolKey poolKey, DbConnectionOptions userOptions)
   at Microsoft.Data.ProviderBase.DbConnectionPool.CreateObject(DbConnection owningObject, DbConnectionOptions userOptions, DbConnectionInternal oldConnection)
   at Microsoft.Data.ProviderBase.DbConnectionPool.UserCreateRequest(DbConnection owningObject, DbConnectionOptions userOptions, DbConnectionInternal oldConnection)
   at Microsoft.Data.ProviderBase.DbConnectionPool.TryGetConnection(DbConnection owningObject, UInt32 waitForMultipleObjectsTimeout, Boolean allowCreate, Boolean onlyOneCheckConnection, DbConnectionOptions userOptions, DbConnectionInternal& connection)
   at Microsoft.Data.ProviderBase.DbConnectionPool.TryGetConnection(DbConnection owningObject, TaskCompletionSource`1 retry, DbConnectionOptions userOptions, DbConnectionInternal& connection)
   at Microsoft.Data.ProviderBase.DbConnectionFactory.TryGetConnection(DbConnection owningConnection, TaskCompletionSource`1 retry, DbConnectionOptions userOptions, DbConnectionInternal oldConnection, DbConnectionInternal& connection)
   at Microsoft.Data.ProviderBase.DbConnectionInternal.TryOpenConnectionInternal(DbConnection outerConnection, DbConnectionFactory connectionFactory, TaskCompletionSource`1 retry, DbConnectionOptions userOptions)
   at Microsoft.Data.ProviderBase.DbConnectionClosed.TryOpenConnection(DbConnection outerConnection, DbConnectionFactory connectionFactory, TaskCompletionSource`1 retry, DbConnectionOptions userOptions)
   at Microsoft.Data.SqlClient.SqlConnection.TryOpen(TaskCompletionSource`1 retry, SqlConnectionOverrides overrides)
   at Microsoft.Data.SqlClient.SqlConnection.Open(SqlConnectionOverrides overrides)
   at Microsoft.Data.SqlClient.SqlConnection.Open()
   at Hangfire.SqlServer.SqlServerStorage.CreateAndOpenConnection() in C:\projects\hangfire-525\src\Hangfire.SqlServer\SqlServerStorage.cs:line 406
   at Hangfire.SqlServer.SqlServerStorage.UseConnection[TContext,TResult](DbConnection dedicatedConnection, Func`4 func, TContext context) in C:\projects\hangfire-525\src\Hangfire.SqlServer\SqlServerStorage.cs:line 291
   at Hangfire.SqlServer.SqlServerConnection.AnnounceServer(String serverId, ServerContext context) in C:\projects\hangfire-525\src\Hangfire.SqlServer\SqlServerConnection.cs:line 512
   at Hangfire.Server.BackgroundServerProcess.CreateServer(BackgroundServerContext context) in C:\projects\hangfire-525\src\Hangfire.Core\Server\BackgroundServerProcess.cs:line 209
   at Hangfire.Server.BackgroundServerProcess.Execute(Guid executionId, BackgroundExecution execution, CancellationToken stoppingToken, CancellationToken stoppedToken, CancellationToken shutdownToken) in C:\projects\hangfire-525\src\Hangfire.Core\Server\BackgroundServerProcess.cs:line 101
   at Hangfire.Server.BackgroundProcessingServer.RunServer(Guid executionId, Object state) in C:\projects\hangfire-525\src\Hangfire.Core\Server\BackgroundProcessingServer.cs:line 249
   at Hangfire.Processing.BackgroundExecution.Run(Action`2 callback, Object state) in C:\projects\hangfire-525\src\Hangfire.Core\Processing\BackgroundExecution.cs:line 118
ClientConnectionId:3f5f5741-5904-456c-a8e3-fe4011a74097
Error Number:4060,State:1,Class:11
2026-01-29 18:32:04.798 +01:00 [DBG] Execution loop BackgroundServerProcess:9904528d will be retried in 00:00:15...
2026-01-29 18:32:19.800 +01:00 [ERR] Execution BackgroundServerProcess is still in the Failed state for 00:02:40.1551877 due to an exception, will be retried in no more than 00:00:15
Microsoft.Data.SqlClient.SqlException (0x80131904): Не удается открыть базу данных "NovelVision.Visualization", запрашиваемую именем входа. Не удалось выполнить вход.
При входе в систему пользователя "LAPTOP-OHNFI7TT\DATART" произошла ошибка.
   at Microsoft.Data.ProviderBase.DbConnectionPool.TryGetConnection(DbConnection owningObject, UInt32 waitForMultipleObjectsTimeout, Boolean allowCreate, Boolean onlyOneCheckConnection, DbConnectionOptions userOptions, DbConnectionInternal& connection)
   at Microsoft.Data.ProviderBase.DbConnectionPool.TryGetConnection(DbConnection owningObject, TaskCompletionSource`1 retry, DbConnectionOptions userOptions, DbConnectionInternal& connection)
   at Microsoft.Data.ProviderBase.DbConnectionFactory.TryGetConnection(DbConnection owningConnection, TaskCompletionSource`1 retry, DbConnectionOptions userOptions, DbConnectionInternal oldConnection, DbConnectionInternal& connection)
   at Microsoft.Data.ProviderBase.DbConnectionInternal.TryOpenConnectionInternal(DbConnection outerConnection, DbConnectionFactory connectionFactory, TaskCompletionSource`1 retry, DbConnectionOptions userOptions)
   at Microsoft.Data.ProviderBase.DbConnectionClosed.TryOpenConnection(DbConnection outerConnection, DbConnectionFactory connectionFactory, TaskCompletionSource`1 retry, DbConnectionOptions userOptions)
   at Microsoft.Data.SqlClient.SqlConnection.TryOpen(TaskCompletionSource`1 retry, SqlConnectionOverrides overrides)
   at Microsoft.Data.SqlClient.SqlConnection.Open(SqlConnectionOverrides overrides)
   at Microsoft.Data.SqlClient.SqlConnection.Open()
   at Hangfire.SqlServer.SqlServerStorage.CreateAndOpenConnection() in C:\projects\hangfire-525\src\Hangfire.SqlServer\SqlServerStorage.cs:line 406
   at Hangfire.SqlServer.SqlServerStorage.UseConnection[TContext,TResult](DbConnection dedicatedConnection, Func`4 func, TContext context) in C:\projects\hangfire-525\src\Hangfire.SqlServer\SqlServerStorage.cs:line 291
   at Hangfire.SqlServer.SqlServerConnection.AnnounceServer(String serverId, ServerContext context) in C:\projects\hangfire-525\src\Hangfire.SqlServer\SqlServerConnection.cs:line 512
   at Hangfire.Server.BackgroundServerProcess.CreateServer(BackgroundServerContext context) in C:\projects\hangfire-525\src\Hangfire.Core\Server\BackgroundServerProcess.cs:line 209
   at Hangfire.Server.BackgroundServerProcess.Execute(Guid executionId, BackgroundExecution execution, CancellationToken stoppingToken, CancellationToken stoppedToken, CancellationToken shutdownToken) in C:\projects\hangfire-525\src\Hangfire.Core\Server\BackgroundServerProcess.cs:line 101
   at Hangfire.Server.BackgroundProcessingServer.RunServer(Guid executionId, Object state) in C:\projects\hangfire-525\src\Hangfire.Core\Server\BackgroundProcessingServer.cs:line 249
   at Hangfire.Processing.BackgroundExecution.Run(Action`2 callback, Object state) in C:\projects\hangfire-525\src\Hangfire.Core\Processing\BackgroundExecution.cs:line 118
ClientConnectionId:3f5f5741-5904-456c-a8e3-fe4011a74097
Error Number:4060,State:1,Class:11
2026-01-29 18:32:19.801 +01:00 [DBG] Execution loop BackgroundServerProcess:9904528d caught an exception and will be retried in 00:00:15
Microsoft.Data.SqlClient.SqlException (0x80131904): Не удается открыть базу данных "NovelVision.Visualization", запрашиваемую именем входа. Не удалось выполнить вход.
При входе в систему пользователя "LAPTOP-OHNFI7TT\DATART" произошла ошибка.
   at Microsoft.Data.ProviderBase.DbConnectionPool.TryGetConnection(DbConnection owningObject, UInt32 waitForMultipleObjectsTimeout, Boolean allowCreate, Boolean onlyOneCheckConnection, DbConnectionOptions userOptions, DbConnectionInternal& connection)
   at Microsoft.Data.ProviderBase.DbConnectionPool.TryGetConnection(DbConnection owningObject, TaskCompletionSource`1 retry, DbConnectionOptions userOptions, DbConnectionInternal& connection)
   at Microsoft.Data.ProviderBase.DbConnectionFactory.TryGetConnection(DbConnection owningConnection, TaskCompletionSource`1 retry, DbConnectionOptions userOptions, DbConnectionInternal oldConnection, DbConnectionInternal& connection)
   at Microsoft.Data.ProviderBase.DbConnectionInternal.TryOpenConnectionInternal(DbConnection outerConnection, DbConnectionFactory connectionFactory, TaskCompletionSource`1 retry, DbConnectionOptions userOptions)
   at Microsoft.Data.ProviderBase.DbConnectionClosed.TryOpenConnection(DbConnection outerConnection, DbConnectionFactory connectionFactory, TaskCompletionSource`1 retry, DbConnectionOptions userOptions)
   at Microsoft.Data.SqlClient.SqlConnection.TryOpen(TaskCompletionSource`1 retry, SqlConnectionOverrides overrides)
   at Microsoft.Data.SqlClient.SqlConnection.Open(SqlConnectionOverrides overrides)
   at Microsoft.Data.SqlClient.SqlConnection.Open()
   at Hangfire.SqlServer.SqlServerStorage.CreateAndOpenConnection() in C:\projects\hangfire-525\src\Hangfire.SqlServer\SqlServerStorage.cs:line 406
   at Hangfire.SqlServer.SqlServerStorage.UseConnection[TContext,TResult](DbConnection dedicatedConnection, Func`4 func, TContext context) in C:\projects\hangfire-525\src\Hangfire.SqlServer\SqlServerStorage.cs:line 291
   at Hangfire.SqlServer.SqlServerConnection.AnnounceServer(String serverId, ServerContext context) in C:\projects\hangfire-525\src\Hangfire.SqlServer\SqlServerConnection.cs:line 512
   at Hangfire.Server.BackgroundServerProcess.CreateServer(BackgroundServerContext context) in C:\projects\hangfire-525\src\Hangfire.Core\Server\BackgroundServerProcess.cs:line 209
   at Hangfire.Server.BackgroundServerProcess.Execute(Guid executionId, BackgroundExecution execution, CancellationToken stoppingToken, CancellationToken stoppedToken, CancellationToken shutdownToken) in C:\projects\hangfire-525\src\Hangfire.Core\Server\BackgroundServerProcess.cs:line 101
   at Hangfire.Server.BackgroundProcessingServer.RunServer(Guid executionId, Object state) in C:\projects\hangfire-525\src\Hangfire.Core\Server\BackgroundProcessingServer.cs:line 249
   at Hangfire.Processing.BackgroundExecution.Run(Action`2 callback, Object state) in C:\projects\hangfire-525\src\Hangfire.Core\Processing\BackgroundExecution.cs:line 118
ClientConnectionId:3f5f5741-5904-456c-a8e3-fe4011a74097
Error Number:4060,State:1,Class:11
2026-01-29 18:32:19.803 +01:00 [DBG] Execution loop BackgroundServerProcess:9904528d will be retried in 00:00:15...
2026-01-29 18:32:34.805 +01:00 [ERR] Execution BackgroundServerProcess is still in the Failed state for 00:02:55.1599877 due to an exception, will be retried in no more than 00:00:15
Microsoft.Data.SqlClient.SqlException (0x80131904): Не удается открыть базу данных "NovelVision.Visualization", запрашиваемую именем входа. Не удалось выполнить вход.
При входе в систему пользователя "LAPTOP-OHNFI7TT\DATART" произошла ошибка.
   at Microsoft.Data.ProviderBase.DbConnectionPool.TryGetConnection(DbConnection owningObject, UInt32 waitForMultipleObjectsTimeout, Boolean allowCreate, Boolean onlyOneCheckConnection, DbConnectionOptions userOptions, DbConnectionInternal& connection)
   at Microsoft.Data.ProviderBase.DbConnectionPool.TryGetConnection(DbConnection owningObject, TaskCompletionSource`1 retry, DbConnectionOptions userOptions, DbConnectionInternal& connection)
   at Microsoft.Data.ProviderBase.DbConnectionFactory.TryGetConnection(DbConnection owningConnection, TaskCompletionSource`1 retry, DbConnectionOptions userOptions, DbConnectionInternal oldConnection, DbConnectionInternal& connection)
   at Microsoft.Data.ProviderBase.DbConnectionInternal.TryOpenConnectionInternal(DbConnection outerConnection, DbConnectionFactory connectionFactory, TaskCompletionSource`1 retry, DbConnectionOptions userOptions)
   at Microsoft.Data.ProviderBase.DbConnectionClosed.TryOpenConnection(DbConnection outerConnection, DbConnectionFactory connectionFactory, TaskCompletionSource`1 retry, DbConnectionOptions userOptions)
   at Microsoft.Data.SqlClient.SqlConnection.TryOpen(TaskCompletionSource`1 retry, SqlConnectionOverrides overrides)
   at Microsoft.Data.SqlClient.SqlConnection.Open(SqlConnectionOverrides overrides)
   at Microsoft.Data.SqlClient.SqlConnection.Open()
   at Hangfire.SqlServer.SqlServerStorage.CreateAndOpenConnection() in C:\projects\hangfire-525\src\Hangfire.SqlServer\SqlServerStorage.cs:line 406
   at Hangfire.SqlServer.SqlServerStorage.UseConnection[TContext,TResult](DbConnection dedicatedConnection, Func`4 func, TContext context) in C:\projects\hangfire-525\src\Hangfire.SqlServer\SqlServerStorage.cs:line 291
   at Hangfire.SqlServer.SqlServerConnection.AnnounceServer(String serverId, ServerContext context) in C:\projects\hangfire-525\src\Hangfire.SqlServer\SqlServerConnection.cs:line 512
   at Hangfire.Server.BackgroundServerProcess.CreateServer(BackgroundServerContext context) in C:\projects\hangfire-525\src\Hangfire.Core\Server\BackgroundServerProcess.cs:line 209
   at Hangfire.Server.BackgroundServerProcess.Execute(Guid executionId, BackgroundExecution execution, CancellationToken stoppingToken, CancellationToken stoppedToken, CancellationToken shutdownToken) in C:\projects\hangfire-525\src\Hangfire.Core\Server\BackgroundServerProcess.cs:line 101
   at Hangfire.Server.BackgroundProcessingServer.RunServer(Guid executionId, Object state) in C:\projects\hangfire-525\src\Hangfire.Core\Server\BackgroundProcessingServer.cs:line 249
   at Hangfire.Processing.BackgroundExecution.Run(Action`2 callback, Object state) in C:\projects\hangfire-525\src\Hangfire.Core\Processing\BackgroundExecution.cs:line 118
ClientConnectionId:3f5f5741-5904-456c-a8e3-fe4011a74097
Error Number:4060,State:1,Class:11
2026-01-29 18:32:34.806 +01:00 [DBG] Execution loop BackgroundServerProcess:9904528d caught an exception and will be retried in 00:00:15
Microsoft.Data.SqlClient.SqlException (0x80131904): Не удается открыть базу данных "NovelVision.Visualization", запрашиваемую именем входа. Не удалось выполнить вход.
При входе в систему пользователя "LAPTOP-OHNFI7TT\DATART" произошла ошибка.
   at Microsoft.Data.ProviderBase.DbConnectionPool.TryGetConnection(DbConnection owningObject, UInt32 waitForMultipleObjectsTimeout, Boolean allowCreate, Boolean onlyOneCheckConnection, DbConnectionOptions userOptions, DbConnectionInternal& connection)
   at Microsoft.Data.ProviderBase.DbConnectionPool.TryGetConnection(DbConnection owningObject, TaskCompletionSource`1 retry, DbConnectionOptions userOptions, DbConnectionInternal& connection)
   at Microsoft.Data.ProviderBase.DbConnectionFactory.TryGetConnection(DbConnection owningConnection, TaskCompletionSource`1 retry, DbConnectionOptions userOptions, DbConnectionInternal oldConnection, DbConnectionInternal& connection)
   at Microsoft.Data.ProviderBase.DbConnectionInternal.TryOpenConnectionInternal(DbConnection outerConnection, DbConnectionFactory connectionFactory, TaskCompletionSource`1 retry, DbConnectionOptions userOptions)
   at Microsoft.Data.ProviderBase.DbConnectionClosed.TryOpenConnection(DbConnection outerConnection, DbConnectionFactory connectionFactory, TaskCompletionSource`1 retry, DbConnectionOptions userOptions)
   at Microsoft.Data.SqlClient.SqlConnection.TryOpen(TaskCompletionSource`1 retry, SqlConnectionOverrides overrides)
   at Microsoft.Data.SqlClient.SqlConnection.Open(SqlConnectionOverrides overrides)
   at Microsoft.Data.SqlClient.SqlConnection.Open()
   at Hangfire.SqlServer.SqlServerStorage.CreateAndOpenConnection() in C:\projects\hangfire-525\src\Hangfire.SqlServer\SqlServerStorage.cs:line 406
   at Hangfire.SqlServer.SqlServerStorage.UseConnection[TContext,TResult](DbConnection dedicatedConnection, Func`4 func, TContext context) in C:\projects\hangfire-525\src\Hangfire.SqlServer\SqlServerStorage.cs:line 291
   at Hangfire.SqlServer.SqlServerConnection.AnnounceServer(String serverId, ServerContext context) in C:\projects\hangfire-525\src\Hangfire.SqlServer\SqlServerConnection.cs:line 512
   at Hangfire.Server.BackgroundServerProcess.CreateServer(BackgroundServerContext context) in C:\projects\hangfire-525\src\Hangfire.Core\Server\BackgroundServerProcess.cs:line 209
   at Hangfire.Server.BackgroundServerProcess.Execute(Guid executionId, BackgroundExecution execution, CancellationToken stoppingToken, CancellationToken stoppedToken, CancellationToken shutdownToken) in C:\projects\hangfire-525\src\Hangfire.Core\Server\BackgroundServerProcess.cs:line 101
   at Hangfire.Server.BackgroundProcessingServer.RunServer(Guid executionId, Object state) in C:\projects\hangfire-525\src\Hangfire.Core\Server\BackgroundProcessingServer.cs:line 249
   at Hangfire.Processing.BackgroundExecution.Run(Action`2 callback, Object state) in C:\projects\hangfire-525\src\Hangfire.Core\Processing\BackgroundExecution.cs:line 118
ClientConnectionId:3f5f5741-5904-456c-a8e3-fe4011a74097
Error Number:4060,State:1,Class:11
2026-01-29 18:32:34.808 +01:00 [DBG] Execution loop BackgroundServerProcess:9904528d will be retried in 00:00:15...
2026-01-29 18:32:49.811 +01:00 [ERR] Execution BackgroundServerProcess is still in the Failed state for 00:03:10.1665153 due to an exception, will be retried in no more than 00:00:15
Microsoft.Data.SqlClient.SqlException (0x80131904): Не удается открыть базу данных "NovelVision.Visualization", запрашиваемую именем входа. Не удалось выполнить вход.
При входе в систему пользователя "LAPTOP-OHNFI7TT\DATART" произошла ошибка.
   at Microsoft.Data.ProviderBase.DbConnectionPool.TryGetConnection(DbConnection owningObject, UInt32 waitForMultipleObjectsTimeout, Boolean allowCreate, Boolean onlyOneCheckConnection, DbConnectionOptions userOptions, DbConnectionInternal& connection)
   at Microsoft.Data.ProviderBase.DbConnectionPool.TryGetConnection(DbConnection owningObject, TaskCompletionSource`1 retry, DbConnectionOptions userOptions, DbConnectionInternal& connection)
   at Microsoft.Data.ProviderBase.DbConnectionFactory.TryGetConnection(DbConnection owningConnection, TaskCompletionSource`1 retry, DbConnectionOptions userOptions, DbConnectionInternal oldConnection, DbConnectionInternal& connection)
   at Microsoft.Data.ProviderBase.DbConnectionInternal.TryOpenConnectionInternal(DbConnection outerConnection, DbConnectionFactory connectionFactory, TaskCompletionSource`1 retry, DbConnectionOptions userOptions)
   at Microsoft.Data.ProviderBase.DbConnectionClosed.TryOpenConnection(DbConnection outerConnection, DbConnectionFactory connectionFactory, TaskCompletionSource`1 retry, DbConnectionOptions userOptions)
   at Microsoft.Data.SqlClient.SqlConnection.TryOpen(TaskCompletionSource`1 retry, SqlConnectionOverrides overrides)
   at Microsoft.Data.SqlClient.SqlConnection.Open(SqlConnectionOverrides overrides)
   at Microsoft.Data.SqlClient.SqlConnection.Open()
   at Hangfire.SqlServer.SqlServerStorage.CreateAndOpenConnection() in C:\projects\hangfire-525\src\Hangfire.SqlServer\SqlServerStorage.cs:line 406
   at Hangfire.SqlServer.SqlServerStorage.UseConnection[TContext,TResult](DbConnection dedicatedConnection, Func`4 func, TContext context) in C:\projects\hangfire-525\src\Hangfire.SqlServer\SqlServerStorage.cs:line 291
   at Hangfire.SqlServer.SqlServerConnection.AnnounceServer(String serverId, ServerContext context) in C:\projects\hangfire-525\src\Hangfire.SqlServer\SqlServerConnection.cs:line 512
   at Hangfire.Server.BackgroundServerProcess.CreateServer(BackgroundServerContext context) in C:\projects\hangfire-525\src\Hangfire.Core\Server\BackgroundServerProcess.cs:line 209
   at Hangfire.Server.BackgroundServerProcess.Execute(Guid executionId, BackgroundExecution execution, CancellationToken stoppingToken, CancellationToken stoppedToken, CancellationToken shutdownToken) in C:\projects\hangfire-525\src\Hangfire.Core\Server\BackgroundServerProcess.cs:line 101
   at Hangfire.Server.BackgroundProcessingServer.RunServer(Guid executionId, Object state) in C:\projects\hangfire-525\src\Hangfire.Core\Server\BackgroundProcessingServer.cs:line 249
   at Hangfire.Processing.BackgroundExecution.Run(Action`2 callback, Object state) in C:\projects\hangfire-525\src\Hangfire.Core\Processing\BackgroundExecution.cs:line 118
ClientConnectionId:3f5f5741-5904-456c-a8e3-fe4011a74097
Error Number:4060,State:1,Class:11
2026-01-29 18:32:49.813 +01:00 [DBG] Execution loop BackgroundServerProcess:9904528d caught an exception and will be retried in 00:00:15
Microsoft.Data.SqlClient.SqlException (0x80131904): Не удается открыть базу данных "NovelVision.Visualization", запрашиваемую именем входа. Не удалось выполнить вход.
При входе в систему пользователя "LAPTOP-OHNFI7TT\DATART" произошла ошибка.
   at Microsoft.Data.ProviderBase.DbConnectionPool.TryGetConnection(DbConnection owningObject, UInt32 waitForMultipleObjectsTimeout, Boolean allowCreate, Boolean onlyOneCheckConnection, DbConnectionOptions userOptions, DbConnectionInternal& connection)
   at Microsoft.Data.ProviderBase.DbConnectionPool.TryGetConnection(DbConnection owningObject, TaskCompletionSource`1 retry, DbConnectionOptions userOptions, DbConnectionInternal& connection)
   at Microsoft.Data.ProviderBase.DbConnectionFactory.TryGetConnection(DbConnection owningConnection, TaskCompletionSource`1 retry, DbConnectionOptions userOptions, DbConnectionInternal oldConnection, DbConnectionInternal& connection)
   at Microsoft.Data.ProviderBase.DbConnectionInternal.TryOpenConnectionInternal(DbConnection outerConnection, DbConnectionFactory connectionFactory, TaskCompletionSource`1 retry, DbConnectionOptions userOptions)
   at Microsoft.Data.ProviderBase.DbConnectionClosed.TryOpenConnection(DbConnection outerConnection, DbConnectionFactory connectionFactory, TaskCompletionSource`1 retry, DbConnectionOptions userOptions)
   at Microsoft.Data.SqlClient.SqlConnection.TryOpen(TaskCompletionSource`1 retry, SqlConnectionOverrides overrides)
   at Microsoft.Data.SqlClient.SqlConnection.Open(SqlConnectionOverrides overrides)
   at Microsoft.Data.SqlClient.SqlConnection.Open()
   at Hangfire.SqlServer.SqlServerStorage.CreateAndOpenConnection() in C:\projects\hangfire-525\src\Hangfire.SqlServer\SqlServerStorage.cs:line 406
   at Hangfire.SqlServer.SqlServerStorage.UseConnection[TContext,TResult](DbConnection dedicatedConnection, Func`4 func, TContext context) in C:\projects\hangfire-525\src\Hangfire.SqlServer\SqlServerStorage.cs:line 291
   at Hangfire.SqlServer.SqlServerConnection.AnnounceServer(String serverId, ServerContext context) in C:\projects\hangfire-525\src\Hangfire.SqlServer\SqlServerConnection.cs:line 512
   at Hangfire.Server.BackgroundServerProcess.CreateServer(BackgroundServerContext context) in C:\projects\hangfire-525\src\Hangfire.Core\Server\BackgroundServerProcess.cs:line 209
   at Hangfire.Server.BackgroundServerProcess.Execute(Guid executionId, BackgroundExecution execution, CancellationToken stoppingToken, CancellationToken stoppedToken, CancellationToken shutdownToken) in C:\projects\hangfire-525\src\Hangfire.Core\Server\BackgroundServerProcess.cs:line 101
   at Hangfire.Server.BackgroundProcessingServer.RunServer(Guid executionId, Object state) in C:\projects\hangfire-525\src\Hangfire.Core\Server\BackgroundProcessingServer.cs:line 249
   at Hangfire.Processing.BackgroundExecution.Run(Action`2 callback, Object state) in C:\projects\hangfire-525\src\Hangfire.Core\Processing\BackgroundExecution.cs:line 118
ClientConnectionId:3f5f5741-5904-456c-a8e3-fe4011a74097
Error Number:4060,State:1,Class:11
2026-01-29 18:32:49.814 +01:00 [DBG] Execution loop BackgroundServerProcess:9904528d will be retried in 00:00:15...
2026-01-29 18:33:04.894 +01:00 [ERR] Execution BackgroundServerProcess is still in the Failed state for 00:03:25.2495198 due to an exception, will be retried in no more than 00:00:15
Microsoft.Data.SqlClient.SqlException (0x80131904): Недопустимое имя объекта "hangfire_visualization.Server".
   at Microsoft.Data.SqlClient.SqlConnection.OnError(SqlException exception, Boolean breakConnection, Action`1 wrapCloseInAction)
   at Microsoft.Data.SqlClient.SqlInternalConnection.OnError(SqlException exception, Boolean breakConnection, Action`1 wrapCloseInAction)
   at Microsoft.Data.SqlClient.TdsParser.ThrowExceptionAndWarning(TdsParserStateObject stateObj, SqlCommand command, Boolean callerHasConnectionLock, Boolean asyncClose)
   at Microsoft.Data.SqlClient.TdsParser.TryRun(RunBehavior runBehavior, SqlCommand cmdHandler, SqlDataReader dataStream, BulkCopySimpleResultSet bulkCopyHandler, TdsParserStateObject stateObj, Boolean& dataReady)
   at Microsoft.Data.SqlClient.SqlCommand.FinishExecuteReader(SqlDataReader ds, RunBehavior runBehavior, String resetOptionsString, Boolean isInternal, Boolean forDescribeParameterEncryption, Boolean shouldCacheForAlwaysEncrypted)
   at Microsoft.Data.SqlClient.SqlCommand.RunExecuteReaderTds(CommandBehavior cmdBehavior, RunBehavior runBehavior, Boolean returnStream, Boolean isAsync, Int32 timeout, Task& task, Boolean asyncWrite, Boolean inRetry, SqlDataReader ds, Boolean describeParameterEncryptionRequest)
   at Microsoft.Data.SqlClient.SqlCommand.RunExecuteReader(CommandBehavior cmdBehavior, RunBehavior runBehavior, Boolean returnStream, TaskCompletionSource`1 completion, Int32 timeout, Task& task, Boolean& usedCache, Boolean asyncWrite, Boolean inRetry, String method)
   at Microsoft.Data.SqlClient.SqlCommand.InternalExecuteNonQuery(TaskCompletionSource`1 completion, Boolean sendToPipe, Int32 timeout, Boolean& usedCache, Boolean asyncWrite, Boolean inRetry, String methodName)
   at Microsoft.Data.SqlClient.SqlCommand.ExecuteNonQuery()
   at Dapper.SqlMapper.ExecuteCommand(IDbConnection cnn, CommandDefinition& command, Action`2 paramReader) in /_/Dapper/SqlMapper.cs:line 2965
   at Dapper.SqlMapper.ExecuteImpl(IDbConnection cnn, CommandDefinition& command) in /_/Dapper/SqlMapper.cs:line 656
   at Dapper.SqlMapper.Execute(IDbConnection cnn, String sql, Object param, IDbTransaction transaction, Nullable`1 commandTimeout, Nullable`1 commandType) in /_/Dapper/SqlMapper.cs:line 527
   at Hangfire.SqlServer.SqlServerConnection.<>c.<AnnounceServer>b__21_0(SqlServerStorage storage, DbConnection connection, KeyValuePair`2 pair) in C:\projects\hangfire-525\src\Hangfire.SqlServer\SqlServerConnection.cs:line 521
   at Hangfire.SqlServer.SqlServerStorage.UseConnection[TContext,TResult](DbConnection dedicatedConnection, Func`4 func, TContext context) in C:\projects\hangfire-525\src\Hangfire.SqlServer\SqlServerStorage.cs:line 292
   at Hangfire.SqlServer.SqlServerConnection.AnnounceServer(String serverId, ServerContext context) in C:\projects\hangfire-525\src\Hangfire.SqlServer\SqlServerConnection.cs:line 512
   at Hangfire.Server.BackgroundServerProcess.CreateServer(BackgroundServerContext context) in C:\projects\hangfire-525\src\Hangfire.Core\Server\BackgroundServerProcess.cs:line 209
   at Hangfire.Server.BackgroundServerProcess.Execute(Guid executionId, BackgroundExecution execution, CancellationToken stoppingToken, CancellationToken stoppedToken, CancellationToken shutdownToken) in C:\projects\hangfire-525\src\Hangfire.Core\Server\BackgroundServerProcess.cs:line 101
   at Hangfire.Server.BackgroundProcessingServer.RunServer(Guid executionId, Object state) in C:\projects\hangfire-525\src\Hangfire.Core\Server\BackgroundProcessingServer.cs:line 249
   at Hangfire.Processing.BackgroundExecution.Run(Action`2 callback, Object state) in C:\projects\hangfire-525\src\Hangfire.Core\Processing\BackgroundExecution.cs:line 118
ClientConnectionId:1103f5a8-bac6-4e6d-8233-ba298941ff98
Error Number:208,State:1,Class:16
2026-01-29 18:33:04.896 +01:00 [DBG] Execution loop BackgroundServerProcess:9904528d caught an exception and will be retried in 00:00:15
Microsoft.Data.SqlClient.SqlException (0x80131904): Недопустимое имя объекта "hangfire_visualization.Server".
   at Microsoft.Data.SqlClient.SqlConnection.OnError(SqlException exception, Boolean breakConnection, Action`1 wrapCloseInAction)
   at Microsoft.Data.SqlClient.SqlInternalConnection.OnError(SqlException exception, Boolean breakConnection, Action`1 wrapCloseInAction)
   at Microsoft.Data.SqlClient.TdsParser.ThrowExceptionAndWarning(TdsParserStateObject stateObj, SqlCommand command, Boolean callerHasConnectionLock, Boolean asyncClose)
   at Microsoft.Data.SqlClient.TdsParser.TryRun(RunBehavior runBehavior, SqlCommand cmdHandler, SqlDataReader dataStream, BulkCopySimpleResultSet bulkCopyHandler, TdsParserStateObject stateObj, Boolean& dataReady)
   at Microsoft.Data.SqlClient.SqlCommand.FinishExecuteReader(SqlDataReader ds, RunBehavior runBehavior, String resetOptionsString, Boolean isInternal, Boolean forDescribeParameterEncryption, Boolean shouldCacheForAlwaysEncrypted)
   at Microsoft.Data.SqlClient.SqlCommand.RunExecuteReaderTds(CommandBehavior cmdBehavior, RunBehavior runBehavior, Boolean returnStream, Boolean isAsync, Int32 timeout, Task& task, Boolean asyncWrite, Boolean inRetry, SqlDataReader ds, Boolean describeParameterEncryptionRequest)
   at Microsoft.Data.SqlClient.SqlCommand.RunExecuteReader(CommandBehavior cmdBehavior, RunBehavior runBehavior, Boolean returnStream, TaskCompletionSource`1 completion, Int32 timeout, Task& task, Boolean& usedCache, Boolean asyncWrite, Boolean inRetry, String method)
   at Microsoft.Data.SqlClient.SqlCommand.InternalExecuteNonQuery(TaskCompletionSource`1 completion, Boolean sendToPipe, Int32 timeout, Boolean& usedCache, Boolean asyncWrite, Boolean inRetry, String methodName)
   at Microsoft.Data.SqlClient.SqlCommand.ExecuteNonQuery()
   at Dapper.SqlMapper.ExecuteCommand(IDbConnection cnn, CommandDefinition& command, Action`2 paramReader) in /_/Dapper/SqlMapper.cs:line 2965
   at Dapper.SqlMapper.ExecuteImpl(IDbConnection cnn, CommandDefinition& command) in /_/Dapper/SqlMapper.cs:line 656
   at Dapper.SqlMapper.Execute(IDbConnection cnn, String sql, Object param, IDbTransaction transaction, Nullable`1 commandTimeout, Nullable`1 commandType) in /_/Dapper/SqlMapper.cs:line 527
   at Hangfire.SqlServer.SqlServerConnection.<>c.<AnnounceServer>b__21_0(SqlServerStorage storage, DbConnection connection, KeyValuePair`2 pair) in C:\projects\hangfire-525\src\Hangfire.SqlServer\SqlServerConnection.cs:line 521
   at Hangfire.SqlServer.SqlServerStorage.UseConnection[TContext,TResult](DbConnection dedicatedConnection, Func`4 func, TContext context) in C:\projects\hangfire-525\src\Hangfire.SqlServer\SqlServerStorage.cs:line 292
   at Hangfire.SqlServer.SqlServerConnection.AnnounceServer(String serverId, ServerContext context) in C:\projects\hangfire-525\src\Hangfire.SqlServer\SqlServerConnection.cs:line 512
   at Hangfire.Server.BackgroundServerProcess.CreateServer(BackgroundServerContext context) in C:\projects\hangfire-525\src\Hangfire.Core\Server\BackgroundServerProcess.cs:line 209
   at Hangfire.Server.BackgroundServerProcess.Execute(Guid executionId, BackgroundExecution execution, CancellationToken stoppingToken, CancellationToken stoppedToken, CancellationToken shutdownToken) in C:\projects\hangfire-525\src\Hangfire.Core\Server\BackgroundServerProcess.cs:line 101
   at Hangfire.Server.BackgroundProcessingServer.RunServer(Guid executionId, Object state) in C:\projects\hangfire-525\src\Hangfire.Core\Server\BackgroundProcessingServer.cs:line 249
   at Hangfire.Processing.BackgroundExecution.Run(Action`2 callback, Object state) in C:\projects\hangfire-525\src\Hangfire.Core\Processing\BackgroundExecution.cs:line 118
ClientConnectionId:1103f5a8-bac6-4e6d-8233-ba298941ff98
Error Number:208,State:1,Class:16
2026-01-29 18:33:04.898 +01:00 [DBG] Execution loop BackgroundServerProcess:9904528d will be retried in 00:00:15...
2026-01-29 18:33:19.901 +01:00 [ERR] Execution BackgroundServerProcess is still in the Failed state for 00:03:40.2561851 due to an exception, will be retried in no more than 00:00:15
Microsoft.Data.SqlClient.SqlException (0x80131904): Недопустимое имя объекта "hangfire_visualization.Server".
   at Microsoft.Data.SqlClient.SqlConnection.OnError(SqlException exception, Boolean breakConnection, Action`1 wrapCloseInAction)
   at Microsoft.Data.SqlClient.SqlInternalConnection.OnError(SqlException exception, Boolean breakConnection, Action`1 wrapCloseInAction)
   at Microsoft.Data.SqlClient.TdsParser.ThrowExceptionAndWarning(TdsParserStateObject stateObj, SqlCommand command, Boolean callerHasConnectionLock, Boolean asyncClose)
   at Microsoft.Data.SqlClient.TdsParser.TryRun(RunBehavior runBehavior, SqlCommand cmdHandler, SqlDataReader dataStream, BulkCopySimpleResultSet bulkCopyHandler, TdsParserStateObject stateObj, Boolean& dataReady)
   at Microsoft.Data.SqlClient.SqlCommand.FinishExecuteReader(SqlDataReader ds, RunBehavior runBehavior, String resetOptionsString, Boolean isInternal, Boolean forDescribeParameterEncryption, Boolean shouldCacheForAlwaysEncrypted)
   at Microsoft.Data.SqlClient.SqlCommand.RunExecuteReaderTds(CommandBehavior cmdBehavior, RunBehavior runBehavior, Boolean returnStream, Boolean isAsync, Int32 timeout, Task& task, Boolean asyncWrite, Boolean inRetry, SqlDataReader ds, Boolean describeParameterEncryptionRequest)
   at Microsoft.Data.SqlClient.SqlCommand.RunExecuteReader(CommandBehavior cmdBehavior, RunBehavior runBehavior, Boolean returnStream, TaskCompletionSource`1 completion, Int32 timeout, Task& task, Boolean& usedCache, Boolean asyncWrite, Boolean inRetry, String method)
   at Microsoft.Data.SqlClient.SqlCommand.InternalExecuteNonQuery(TaskCompletionSource`1 completion, Boolean sendToPipe, Int32 timeout, Boolean& usedCache, Boolean asyncWrite, Boolean inRetry, String methodName)
   at Microsoft.Data.SqlClient.SqlCommand.ExecuteNonQuery()
   at Dapper.SqlMapper.ExecuteCommand(IDbConnection cnn, CommandDefinition& command, Action`2 paramReader) in /_/Dapper/SqlMapper.cs:line 2965
   at Dapper.SqlMapper.ExecuteImpl(IDbConnection cnn, CommandDefinition& command) in /_/Dapper/SqlMapper.cs:line 656
   at Dapper.SqlMapper.Execute(IDbConnection cnn, String sql, Object param, IDbTransaction transaction, Nullable`1 commandTimeout, Nullable`1 commandType) in /_/Dapper/SqlMapper.cs:line 527
   at Hangfire.SqlServer.SqlServerConnection.<>c.<AnnounceServer>b__21_0(SqlServerStorage storage, DbConnection connection, KeyValuePair`2 pair) in C:\projects\hangfire-525\src\Hangfire.SqlServer\SqlServerConnection.cs:line 521
   at Hangfire.SqlServer.SqlServerStorage.UseConnection[TContext,TResult](DbConnection dedicatedConnection, Func`4 func, TContext context) in C:\projects\hangfire-525\src\Hangfire.SqlServer\SqlServerStorage.cs:line 292
   at Hangfire.SqlServer.SqlServerConnection.AnnounceServer(String serverId, ServerContext context) in C:\projects\hangfire-525\src\Hangfire.SqlServer\SqlServerConnection.cs:line 512
   at Hangfire.Server.BackgroundServerProcess.CreateServer(BackgroundServerContext context) in C:\projects\hangfire-525\src\Hangfire.Core\Server\BackgroundServerProcess.cs:line 209
   at Hangfire.Server.BackgroundServerProcess.Execute(Guid executionId, BackgroundExecution execution, CancellationToken stoppingToken, CancellationToken stoppedToken, CancellationToken shutdownToken) in C:\projects\hangfire-525\src\Hangfire.Core\Server\BackgroundServerProcess.cs:line 101
   at Hangfire.Server.BackgroundProcessingServer.RunServer(Guid executionId, Object state) in C:\projects\hangfire-525\src\Hangfire.Core\Server\BackgroundProcessingServer.cs:line 249
   at Hangfire.Processing.BackgroundExecution.Run(Action`2 callback, Object state) in C:\projects\hangfire-525\src\Hangfire.Core\Processing\BackgroundExecution.cs:line 118
ClientConnectionId:1103f5a8-bac6-4e6d-8233-ba298941ff98
Error Number:208,State:1,Class:16
2026-01-29 18:33:19.905 +01:00 [DBG] Execution loop BackgroundServerProcess:9904528d caught an exception and will be retried in 00:00:15
Microsoft.Data.SqlClient.SqlException (0x80131904): Недопустимое имя объекта "hangfire_visualization.Server".
   at Microsoft.Data.SqlClient.SqlConnection.OnError(SqlException exception, Boolean breakConnection, Action`1 wrapCloseInAction)
   at Microsoft.Data.SqlClient.SqlInternalConnection.OnError(SqlException exception, Boolean breakConnection, Action`1 wrapCloseInAction)
   at Microsoft.Data.SqlClient.TdsParser.ThrowExceptionAndWarning(TdsParserStateObject stateObj, SqlCommand command, Boolean callerHasConnectionLock, Boolean asyncClose)
   at Microsoft.Data.SqlClient.TdsParser.TryRun(RunBehavior runBehavior, SqlCommand cmdHandler, SqlDataReader dataStream, BulkCopySimpleResultSet bulkCopyHandler, TdsParserStateObject stateObj, Boolean& dataReady)
   at Microsoft.Data.SqlClient.SqlCommand.FinishExecuteReader(SqlDataReader ds, RunBehavior runBehavior, String resetOptionsString, Boolean isInternal, Boolean forDescribeParameterEncryption, Boolean shouldCacheForAlwaysEncrypted)
   at Microsoft.Data.SqlClient.SqlCommand.RunExecuteReaderTds(CommandBehavior cmdBehavior, RunBehavior runBehavior, Boolean returnStream, Boolean isAsync, Int32 timeout, Task& task, Boolean asyncWrite, Boolean inRetry, SqlDataReader ds, Boolean describeParameterEncryptionRequest)
   at Microsoft.Data.SqlClient.SqlCommand.RunExecuteReader(CommandBehavior cmdBehavior, RunBehavior runBehavior, Boolean returnStream, TaskCompletionSource`1 completion, Int32 timeout, Task& task, Boolean& usedCache, Boolean asyncWrite, Boolean inRetry, String method)
   at Microsoft.Data.SqlClient.SqlCommand.InternalExecuteNonQuery(TaskCompletionSource`1 completion, Boolean sendToPipe, Int32 timeout, Boolean& usedCache, Boolean asyncWrite, Boolean inRetry, String methodName)
   at Microsoft.Data.SqlClient.SqlCommand.ExecuteNonQuery()
   at Dapper.SqlMapper.ExecuteCommand(IDbConnection cnn, CommandDefinition& command, Action`2 paramReader) in /_/Dapper/SqlMapper.cs:line 2965
   at Dapper.SqlMapper.ExecuteImpl(IDbConnection cnn, CommandDefinition& command) in /_/Dapper/SqlMapper.cs:line 656
   at Dapper.SqlMapper.Execute(IDbConnection cnn, String sql, Object param, IDbTransaction transaction, Nullable`1 commandTimeout, Nullable`1 commandType) in /_/Dapper/SqlMapper.cs:line 527
   at Hangfire.SqlServer.SqlServerConnection.<>c.<AnnounceServer>b__21_0(SqlServerStorage storage, DbConnection connection, KeyValuePair`2 pair) in C:\projects\hangfire-525\src\Hangfire.SqlServer\SqlServerConnection.cs:line 521
   at Hangfire.SqlServer.SqlServerStorage.UseConnection[TContext,TResult](DbConnection dedicatedConnection, Func`4 func, TContext context) in C:\projects\hangfire-525\src\Hangfire.SqlServer\SqlServerStorage.cs:line 292
   at Hangfire.SqlServer.SqlServerConnection.AnnounceServer(String serverId, ServerContext context) in C:\projects\hangfire-525\src\Hangfire.SqlServer\SqlServerConnection.cs:line 512
   at Hangfire.Server.BackgroundServerProcess.CreateServer(BackgroundServerContext context) in C:\projects\hangfire-525\src\Hangfire.Core\Server\BackgroundServerProcess.cs:line 209
   at Hangfire.Server.BackgroundServerProcess.Execute(Guid executionId, BackgroundExecution execution, CancellationToken stoppingToken, CancellationToken stoppedToken, CancellationToken shutdownToken) in C:\projects\hangfire-525\src\Hangfire.Core\Server\BackgroundServerProcess.cs:line 101
   at Hangfire.Server.BackgroundProcessingServer.RunServer(Guid executionId, Object state) in C:\projects\hangfire-525\src\Hangfire.Core\Server\BackgroundProcessingServer.cs:line 249
   at Hangfire.Processing.BackgroundExecution.Run(Action`2 callback, Object state) in C:\projects\hangfire-525\src\Hangfire.Core\Processing\BackgroundExecution.cs:line 118
ClientConnectionId:1103f5a8-bac6-4e6d-8233-ba298941ff98
Error Number:208,State:1,Class:16
2026-01-29 18:33:19.906 +01:00 [DBG] Execution loop BackgroundServerProcess:9904528d will be retried in 00:00:15...
2026-01-29 18:33:34.918 +01:00 [ERR] Execution BackgroundServerProcess is still in the Failed state for 00:03:55.2727217 due to an exception, will be retried in no more than 00:00:15
Microsoft.Data.SqlClient.SqlException (0x80131904): Недопустимое имя объекта "hangfire_visualization.Server".
   at Microsoft.Data.SqlClient.SqlConnection.OnError(SqlException exception, Boolean breakConnection, Action`1 wrapCloseInAction)
   at Microsoft.Data.SqlClient.SqlInternalConnection.OnError(SqlException exception, Boolean breakConnection, Action`1 wrapCloseInAction)
   at Microsoft.Data.SqlClient.TdsParser.ThrowExceptionAndWarning(TdsParserStateObject stateObj, SqlCommand command, Boolean callerHasConnectionLock, Boolean asyncClose)
   at Microsoft.Data.SqlClient.TdsParser.TryRun(RunBehavior runBehavior, SqlCommand cmdHandler, SqlDataReader dataStream, BulkCopySimpleResultSet bulkCopyHandler, TdsParserStateObject stateObj, Boolean& dataReady)
   at Microsoft.Data.SqlClient.SqlCommand.FinishExecuteReader(SqlDataReader ds, RunBehavior runBehavior, String resetOptionsString, Boolean isInternal, Boolean forDescribeParameterEncryption, Boolean shouldCacheForAlwaysEncrypted)
   at Microsoft.Data.SqlClient.SqlCommand.RunExecuteReaderTds(CommandBehavior cmdBehavior, RunBehavior runBehavior, Boolean returnStream, Boolean isAsync, Int32 timeout, Task& task, Boolean asyncWrite, Boolean inRetry, SqlDataReader ds, Boolean describeParameterEncryptionRequest)
   at Microsoft.Data.SqlClient.SqlCommand.RunExecuteReader(CommandBehavior cmdBehavior, RunBehavior runBehavior, Boolean returnStream, TaskCompletionSource`1 completion, Int32 timeout, Task& task, Boolean& usedCache, Boolean asyncWrite, Boolean inRetry, String method)
   at Microsoft.Data.SqlClient.SqlCommand.InternalExecuteNonQuery(TaskCompletionSource`1 completion, Boolean sendToPipe, Int32 timeout, Boolean& usedCache, Boolean asyncWrite, Boolean inRetry, String methodName)
   at Microsoft.Data.SqlClient.SqlCommand.ExecuteNonQuery()
   at Dapper.SqlMapper.ExecuteCommand(IDbConnection cnn, CommandDefinition& command, Action`2 paramReader) in /_/Dapper/SqlMapper.cs:line 2965
   at Dapper.SqlMapper.ExecuteImpl(IDbConnection cnn, CommandDefinition& command) in /_/Dapper/SqlMapper.cs:line 656
   at Dapper.SqlMapper.Execute(IDbConnection cnn, String sql, Object param, IDbTransaction transaction, Nullable`1 commandTimeout, Nullable`1 commandType) in /_/Dapper/SqlMapper.cs:line 527
   at Hangfire.SqlServer.SqlServerConnection.<>c.<AnnounceServer>b__21_0(SqlServerStorage storage, DbConnection connection, KeyValuePair`2 pair) in C:\projects\hangfire-525\src\Hangfire.SqlServer\SqlServerConnection.cs:line 521
   at Hangfire.SqlServer.SqlServerStorage.UseConnection[TContext,TResult](DbConnection dedicatedConnection, Func`4 func, TContext context) in C:\projects\hangfire-525\src\Hangfire.SqlServer\SqlServerStorage.cs:line 292
   at Hangfire.SqlServer.SqlServerConnection.AnnounceServer(String serverId, ServerContext context) in C:\projects\hangfire-525\src\Hangfire.SqlServer\SqlServerConnection.cs:line 512
   at Hangfire.Server.BackgroundServerProcess.CreateServer(BackgroundServerContext context) in C:\projects\hangfire-525\src\Hangfire.Core\Server\BackgroundServerProcess.cs:line 209
   at Hangfire.Server.BackgroundServerProcess.Execute(Guid executionId, BackgroundExecution execution, CancellationToken stoppingToken, CancellationToken stoppedToken, CancellationToken shutdownToken) in C:\projects\hangfire-525\src\Hangfire.Core\Server\BackgroundServerProcess.cs:line 101
   at Hangfire.Server.BackgroundProcessingServer.RunServer(Guid executionId, Object state) in C:\projects\hangfire-525\src\Hangfire.Core\Server\BackgroundProcessingServer.cs:line 249
   at Hangfire.Processing.BackgroundExecution.Run(Action`2 callback, Object state) in C:\projects\hangfire-525\src\Hangfire.Core\Processing\BackgroundExecution.cs:line 118
ClientConnectionId:1103f5a8-bac6-4e6d-8233-ba298941ff98
Error Number:208,State:1,Class:16
2026-01-29 18:33:34.919 +01:00 [DBG] Execution loop BackgroundServerProcess:9904528d caught an exception and will be retried in 00:00:15
Microsoft.Data.SqlClient.SqlException (0x80131904): Недопустимое имя объекта "hangfire_visualization.Server".
   at Microsoft.Data.SqlClient.SqlConnection.OnError(SqlException exception, Boolean breakConnection, Action`1 wrapCloseInAction)
   at Microsoft.Data.SqlClient.SqlInternalConnection.OnError(SqlException exception, Boolean breakConnection, Action`1 wrapCloseInAction)
   at Microsoft.Data.SqlClient.TdsParser.ThrowExceptionAndWarning(TdsParserStateObject stateObj, SqlCommand command, Boolean callerHasConnectionLock, Boolean asyncClose)
   at Microsoft.Data.SqlClient.TdsParser.TryRun(RunBehavior runBehavior, SqlCommand cmdHandler, SqlDataReader dataStream, BulkCopySimpleResultSet bulkCopyHandler, TdsParserStateObject stateObj, Boolean& dataReady)
   at Microsoft.Data.SqlClient.SqlCommand.FinishExecuteReader(SqlDataReader ds, RunBehavior runBehavior, String resetOptionsString, Boolean isInternal, Boolean forDescribeParameterEncryption, Boolean shouldCacheForAlwaysEncrypted)
   at Microsoft.Data.SqlClient.SqlCommand.RunExecuteReaderTds(CommandBehavior cmdBehavior, RunBehavior runBehavior, Boolean returnStream, Boolean isAsync, Int32 timeout, Task& task, Boolean asyncWrite, Boolean inRetry, SqlDataReader ds, Boolean describeParameterEncryptionRequest)
   at Microsoft.Data.SqlClient.SqlCommand.RunExecuteReader(CommandBehavior cmdBehavior, RunBehavior runBehavior, Boolean returnStream, TaskCompletionSource`1 completion, Int32 timeout, Task& task, Boolean& usedCache, Boolean asyncWrite, Boolean inRetry, String method)
   at Microsoft.Data.SqlClient.SqlCommand.InternalExecuteNonQuery(TaskCompletionSource`1 completion, Boolean sendToPipe, Int32 timeout, Boolean& usedCache, Boolean asyncWrite, Boolean inRetry, String methodName)
   at Microsoft.Data.SqlClient.SqlCommand.ExecuteNonQuery()
   at Dapper.SqlMapper.ExecuteCommand(IDbConnection cnn, CommandDefinition& command, Action`2 paramReader) in /_/Dapper/SqlMapper.cs:line 2965
   at Dapper.SqlMapper.ExecuteImpl(IDbConnection cnn, CommandDefinition& command) in /_/Dapper/SqlMapper.cs:line 656
   at Dapper.SqlMapper.Execute(IDbConnection cnn, String sql, Object param, IDbTransaction transaction, Nullable`1 commandTimeout, Nullable`1 commandType) in /_/Dapper/SqlMapper.cs:line 527
   at Hangfire.SqlServer.SqlServerConnection.<>c.<AnnounceServer>b__21_0(SqlServerStorage storage, DbConnection connection, KeyValuePair`2 pair) in C:\projects\hangfire-525\src\Hangfire.SqlServer\SqlServerConnection.cs:line 521
   at Hangfire.SqlServer.SqlServerStorage.UseConnection[TContext,TResult](DbConnection dedicatedConnection, Func`4 func, TContext context) in C:\projects\hangfire-525\src\Hangfire.SqlServer\SqlServerStorage.cs:line 292
   at Hangfire.SqlServer.SqlServerConnection.AnnounceServer(String serverId, ServerContext context) in C:\projects\hangfire-525\src\Hangfire.SqlServer\SqlServerConnection.cs:line 512
   at Hangfire.Server.BackgroundServerProcess.CreateServer(BackgroundServerContext context) in C:\projects\hangfire-525\src\Hangfire.Core\Server\BackgroundServerProcess.cs:line 209
   at Hangfire.Server.BackgroundServerProcess.Execute(Guid executionId, BackgroundExecution execution, CancellationToken stoppingToken, CancellationToken stoppedToken, CancellationToken shutdownToken) in C:\projects\hangfire-525\src\Hangfire.Core\Server\BackgroundServerProcess.cs:line 101
   at Hangfire.Server.BackgroundProcessingServer.RunServer(Guid executionId, Object state) in C:\projects\hangfire-525\src\Hangfire.Core\Server\BackgroundProcessingServer.cs:line 249
   at Hangfire.Processing.BackgroundExecution.Run(Action`2 callback, Object state) in C:\projects\hangfire-525\src\Hangfire.Core\Processing\BackgroundExecution.cs:line 118
ClientConnectionId:1103f5a8-bac6-4e6d-8233-ba298941ff98
Error Number:208,State:1,Class:16
2026-01-29 18:33:34.921 +01:00 [DBG] Execution loop BackgroundServerProcess:9904528d will be retried in 00:00:15...
2026-01-29 18:33:49.925 +01:00 [ERR] Execution BackgroundServerProcess is still in the Failed state for 00:04:10.2798075 due to an exception, will be retried in no more than 00:00:15
Microsoft.Data.SqlClient.SqlException (0x80131904): Недопустимое имя объекта "hangfire_visualization.Server".
   at Microsoft.Data.SqlClient.SqlConnection.OnError(SqlException exception, Boolean breakConnection, Action`1 wrapCloseInAction)
   at Microsoft.Data.SqlClient.SqlInternalConnection.OnError(SqlException exception, Boolean breakConnection, Action`1 wrapCloseInAction)
   at Microsoft.Data.SqlClient.TdsParser.ThrowExceptionAndWarning(TdsParserStateObject stateObj, SqlCommand command, Boolean callerHasConnectionLock, Boolean asyncClose)
   at Microsoft.Data.SqlClient.TdsParser.TryRun(RunBehavior runBehavior, SqlCommand cmdHandler, SqlDataReader dataStream, BulkCopySimpleResultSet bulkCopyHandler, TdsParserStateObject stateObj, Boolean& dataReady)
   at Microsoft.Data.SqlClient.SqlCommand.FinishExecuteReader(SqlDataReader ds, RunBehavior runBehavior, String resetOptionsString, Boolean isInternal, Boolean forDescribeParameterEncryption, Boolean shouldCacheForAlwaysEncrypted)
   at Microsoft.Data.SqlClient.SqlCommand.RunExecuteReaderTds(CommandBehavior cmdBehavior, RunBehavior runBehavior, Boolean returnStream, Boolean isAsync, Int32 timeout, Task& task, Boolean asyncWrite, Boolean inRetry, SqlDataReader ds, Boolean describeParameterEncryptionRequest)
   at Microsoft.Data.SqlClient.SqlCommand.RunExecuteReader(CommandBehavior cmdBehavior, RunBehavior runBehavior, Boolean returnStream, TaskCompletionSource`1 completion, Int32 timeout, Task& task, Boolean& usedCache, Boolean asyncWrite, Boolean inRetry, String method)
   at Microsoft.Data.SqlClient.SqlCommand.InternalExecuteNonQuery(TaskCompletionSource`1 completion, Boolean sendToPipe, Int32 timeout, Boolean& usedCache, Boolean asyncWrite, Boolean inRetry, String methodName)
   at Microsoft.Data.SqlClient.SqlCommand.ExecuteNonQuery()
   at Dapper.SqlMapper.ExecuteCommand(IDbConnection cnn, CommandDefinition& command, Action`2 paramReader) in /_/Dapper/SqlMapper.cs:line 2965
   at Dapper.SqlMapper.ExecuteImpl(IDbConnection cnn, CommandDefinition& command) in /_/Dapper/SqlMapper.cs:line 656
   at Dapper.SqlMapper.Execute(IDbConnection cnn, String sql, Object param, IDbTransaction transaction, Nullable`1 commandTimeout, Nullable`1 commandType) in /_/Dapper/SqlMapper.cs:line 527
   at Hangfire.SqlServer.SqlServerConnection.<>c.<AnnounceServer>b__21_0(SqlServerStorage storage, DbConnection connection, KeyValuePair`2 pair) in C:\projects\hangfire-525\src\Hangfire.SqlServer\SqlServerConnection.cs:line 521
   at Hangfire.SqlServer.SqlServerStorage.UseConnection[TContext,TResult](DbConnection dedicatedConnection, Func`4 func, TContext context) in C:\projects\hangfire-525\src\Hangfire.SqlServer\SqlServerStorage.cs:line 292
   at Hangfire.SqlServer.SqlServerConnection.AnnounceServer(String serverId, ServerContext context) in C:\projects\hangfire-525\src\Hangfire.SqlServer\SqlServerConnection.cs:line 512
   at Hangfire.Server.BackgroundServerProcess.CreateServer(BackgroundServerContext context) in C:\projects\hangfire-525\src\Hangfire.Core\Server\BackgroundServerProcess.cs:line 209
   at Hangfire.Server.BackgroundServerProcess.Execute(Guid executionId, BackgroundExecution execution, CancellationToken stoppingToken, CancellationToken stoppedToken, CancellationToken shutdownToken) in C:\projects\hangfire-525\src\Hangfire.Core\Server\BackgroundServerProcess.cs:line 101
   at Hangfire.Server.BackgroundProcessingServer.RunServer(Guid executionId, Object state) in C:\projects\hangfire-525\src\Hangfire.Core\Server\BackgroundProcessingServer.cs:line 249
   at Hangfire.Processing.BackgroundExecution.Run(Action`2 callback, Object state) in C:\projects\hangfire-525\src\Hangfire.Core\Processing\BackgroundExecution.cs:line 118
ClientConnectionId:1103f5a8-bac6-4e6d-8233-ba298941ff98
Error Number:208,State:1,Class:16
2026-01-29 18:33:49.926 +01:00 [DBG] Execution loop BackgroundServerProcess:9904528d caught an exception and will be retried in 00:00:15
Microsoft.Data.SqlClient.SqlException (0x80131904): Недопустимое имя объекта "hangfire_visualization.Server".
   at Microsoft.Data.SqlClient.SqlConnection.OnError(SqlException exception, Boolean breakConnection, Action`1 wrapCloseInAction)
   at Microsoft.Data.SqlClient.SqlInternalConnection.OnError(SqlException exception, Boolean breakConnection, Action`1 wrapCloseInAction)
   at Microsoft.Data.SqlClient.TdsParser.ThrowExceptionAndWarning(TdsParserStateObject stateObj, SqlCommand command, Boolean callerHasConnectionLock, Boolean asyncClose)
   at Microsoft.Data.SqlClient.TdsParser.TryRun(RunBehavior runBehavior, SqlCommand cmdHandler, SqlDataReader dataStream, BulkCopySimpleResultSet bulkCopyHandler, TdsParserStateObject stateObj, Boolean& dataReady)
   at Microsoft.Data.SqlClient.SqlCommand.FinishExecuteReader(SqlDataReader ds, RunBehavior runBehavior, String resetOptionsString, Boolean isInternal, Boolean forDescribeParameterEncryption, Boolean shouldCacheForAlwaysEncrypted)
   at Microsoft.Data.SqlClient.SqlCommand.RunExecuteReaderTds(CommandBehavior cmdBehavior, RunBehavior runBehavior, Boolean returnStream, Boolean isAsync, Int32 timeout, Task& task, Boolean asyncWrite, Boolean inRetry, SqlDataReader ds, Boolean describeParameterEncryptionRequest)
   at Microsoft.Data.SqlClient.SqlCommand.RunExecuteReader(CommandBehavior cmdBehavior, RunBehavior runBehavior, Boolean returnStream, TaskCompletionSource`1 completion, Int32 timeout, Task& task, Boolean& usedCache, Boolean asyncWrite, Boolean inRetry, String method)
   at Microsoft.Data.SqlClient.SqlCommand.InternalExecuteNonQuery(TaskCompletionSource`1 completion, Boolean sendToPipe, Int32 timeout, Boolean& usedCache, Boolean asyncWrite, Boolean inRetry, String methodName)
   at Microsoft.Data.SqlClient.SqlCommand.ExecuteNonQuery()
   at Dapper.SqlMapper.ExecuteCommand(IDbConnection cnn, CommandDefinition& command, Action`2 paramReader) in /_/Dapper/SqlMapper.cs:line 2965
   at Dapper.SqlMapper.ExecuteImpl(IDbConnection cnn, CommandDefinition& command) in /_/Dapper/SqlMapper.cs:line 656
   at Dapper.SqlMapper.Execute(IDbConnection cnn, String sql, Object param, IDbTransaction transaction, Nullable`1 commandTimeout, Nullable`1 commandType) in /_/Dapper/SqlMapper.cs:line 527
   at Hangfire.SqlServer.SqlServerConnection.<>c.<AnnounceServer>b__21_0(SqlServerStorage storage, DbConnection connection, KeyValuePair`2 pair) in C:\projects\hangfire-525\src\Hangfire.SqlServer\SqlServerConnection.cs:line 521
   at Hangfire.SqlServer.SqlServerStorage.UseConnection[TContext,TResult](DbConnection dedicatedConnection, Func`4 func, TContext context) in C:\projects\hangfire-525\src\Hangfire.SqlServer\SqlServerStorage.cs:line 292
   at Hangfire.SqlServer.SqlServerConnection.AnnounceServer(String serverId, ServerContext context) in C:\projects\hangfire-525\src\Hangfire.SqlServer\SqlServerConnection.cs:line 512
   at Hangfire.Server.BackgroundServerProcess.CreateServer(BackgroundServerContext context) in C:\projects\hangfire-525\src\Hangfire.Core\Server\BackgroundServerProcess.cs:line 209
   at Hangfire.Server.BackgroundServerProcess.Execute(Guid executionId, BackgroundExecution execution, CancellationToken stoppingToken, CancellationToken stoppedToken, CancellationToken shutdownToken) in C:\projects\hangfire-525\src\Hangfire.Core\Server\BackgroundServerProcess.cs:line 101
   at Hangfire.Server.BackgroundProcessingServer.RunServer(Guid executionId, Object state) in C:\projects\hangfire-525\src\Hangfire.Core\Server\BackgroundProcessingServer.cs:line 249
   at Hangfire.Processing.BackgroundExecution.Run(Action`2 callback, Object state) in C:\projects\hangfire-525\src\Hangfire.Core\Processing\BackgroundExecution.cs:line 118
ClientConnectionId:1103f5a8-bac6-4e6d-8233-ba298941ff98
Error Number:208,State:1,Class:16
2026-01-29 18:33:49.927 +01:00 [DBG] Execution loop BackgroundServerProcess:9904528d will be retried in 00:00:15...
2026-01-29 18:34:04.937 +01:00 [ERR] Execution BackgroundServerProcess is still in the Failed state for 00:04:25.2917548 due to an exception, will be retried in no more than 00:00:15
Microsoft.Data.SqlClient.SqlException (0x80131904): Недопустимое имя объекта "hangfire_visualization.Server".
   at Microsoft.Data.SqlClient.SqlConnection.OnError(SqlException exception, Boolean breakConnection, Action`1 wrapCloseInAction)
   at Microsoft.Data.SqlClient.SqlInternalConnection.OnError(SqlException exception, Boolean breakConnection, Action`1 wrapCloseInAction)
   at Microsoft.Data.SqlClient.TdsParser.ThrowExceptionAndWarning(TdsParserStateObject stateObj, SqlCommand command, Boolean callerHasConnectionLock, Boolean asyncClose)
   at Microsoft.Data.SqlClient.TdsParser.TryRun(RunBehavior runBehavior, SqlCommand cmdHandler, SqlDataReader dataStream, BulkCopySimpleResultSet bulkCopyHandler, TdsParserStateObject stateObj, Boolean& dataReady)
   at Microsoft.Data.SqlClient.SqlCommand.FinishExecuteReader(SqlDataReader ds, RunBehavior runBehavior, String resetOptionsString, Boolean isInternal, Boolean forDescribeParameterEncryption, Boolean shouldCacheForAlwaysEncrypted)
   at Microsoft.Data.SqlClient.SqlCommand.RunExecuteReaderTds(CommandBehavior cmdBehavior, RunBehavior runBehavior, Boolean returnStream, Boolean isAsync, Int32 timeout, Task& task, Boolean asyncWrite, Boolean inRetry, SqlDataReader ds, Boolean describeParameterEncryptionRequest)
   at Microsoft.Data.SqlClient.SqlCommand.RunExecuteReader(CommandBehavior cmdBehavior, RunBehavior runBehavior, Boolean returnStream, TaskCompletionSource`1 completion, Int32 timeout, Task& task, Boolean& usedCache, Boolean asyncWrite, Boolean inRetry, String method)
   at Microsoft.Data.SqlClient.SqlCommand.InternalExecuteNonQuery(TaskCompletionSource`1 completion, Boolean sendToPipe, Int32 timeout, Boolean& usedCache, Boolean asyncWrite, Boolean inRetry, String methodName)
   at Microsoft.Data.SqlClient.SqlCommand.ExecuteNonQuery()
   at Dapper.SqlMapper.ExecuteCommand(IDbConnection cnn, CommandDefinition& command, Action`2 paramReader) in /_/Dapper/SqlMapper.cs:line 2965
   at Dapper.SqlMapper.ExecuteImpl(IDbConnection cnn, CommandDefinition& command) in /_/Dapper/SqlMapper.cs:line 656
   at Dapper.SqlMapper.Execute(IDbConnection cnn, String sql, Object param, IDbTransaction transaction, Nullable`1 commandTimeout, Nullable`1 commandType) in /_/Dapper/SqlMapper.cs:line 527
   at Hangfire.SqlServer.SqlServerConnection.<>c.<AnnounceServer>b__21_0(SqlServerStorage storage, DbConnection connection, KeyValuePair`2 pair) in C:\projects\hangfire-525\src\Hangfire.SqlServer\SqlServerConnection.cs:line 521
   at Hangfire.SqlServer.SqlServerStorage.UseConnection[TContext,TResult](DbConnection dedicatedConnection, Func`4 func, TContext context) in C:\projects\hangfire-525\src\Hangfire.SqlServer\SqlServerStorage.cs:line 292
   at Hangfire.SqlServer.SqlServerConnection.AnnounceServer(String serverId, ServerContext context) in C:\projects\hangfire-525\src\Hangfire.SqlServer\SqlServerConnection.cs:line 512
   at Hangfire.Server.BackgroundServerProcess.CreateServer(BackgroundServerContext context) in C:\projects\hangfire-525\src\Hangfire.Core\Server\BackgroundServerProcess.cs:line 209
   at Hangfire.Server.BackgroundServerProcess.Execute(Guid executionId, BackgroundExecution execution, CancellationToken stoppingToken, CancellationToken stoppedToken, CancellationToken shutdownToken) in C:\projects\hangfire-525\src\Hangfire.Core\Server\BackgroundServerProcess.cs:line 101
   at Hangfire.Server.BackgroundProcessingServer.RunServer(Guid executionId, Object state) in C:\projects\hangfire-525\src\Hangfire.Core\Server\BackgroundProcessingServer.cs:line 249
   at Hangfire.Processing.BackgroundExecution.Run(Action`2 callback, Object state) in C:\projects\hangfire-525\src\Hangfire.Core\Processing\BackgroundExecution.cs:line 118
ClientConnectionId:1103f5a8-bac6-4e6d-8233-ba298941ff98
Error Number:208,State:1,Class:16
2026-01-29 18:34:04.938 +01:00 [DBG] Execution loop BackgroundServerProcess:9904528d caught an exception and will be retried in 00:00:15
Microsoft.Data.SqlClient.SqlException (0x80131904): Недопустимое имя объекта "hangfire_visualization.Server".
   at Microsoft.Data.SqlClient.SqlConnection.OnError(SqlException exception, Boolean breakConnection, Action`1 wrapCloseInAction)
   at Microsoft.Data.SqlClient.SqlInternalConnection.OnError(SqlException exception, Boolean breakConnection, Action`1 wrapCloseInAction)
   at Microsoft.Data.SqlClient.TdsParser.ThrowExceptionAndWarning(TdsParserStateObject stateObj, SqlCommand command, Boolean callerHasConnectionLock, Boolean asyncClose)
   at Microsoft.Data.SqlClient.TdsParser.TryRun(RunBehavior runBehavior, SqlCommand cmdHandler, SqlDataReader dataStream, BulkCopySimpleResultSet bulkCopyHandler, TdsParserStateObject stateObj, Boolean& dataReady)
   at Microsoft.Data.SqlClient.SqlCommand.FinishExecuteReader(SqlDataReader ds, RunBehavior runBehavior, String resetOptionsString, Boolean isInternal, Boolean forDescribeParameterEncryption, Boolean shouldCacheForAlwaysEncrypted)
   at Microsoft.Data.SqlClient.SqlCommand.RunExecuteReaderTds(CommandBehavior cmdBehavior, RunBehavior runBehavior, Boolean returnStream, Boolean isAsync, Int32 timeout, Task& task, Boolean asyncWrite, Boolean inRetry, SqlDataReader ds, Boolean describeParameterEncryptionRequest)
   at Microsoft.Data.SqlClient.SqlCommand.RunExecuteReader(CommandBehavior cmdBehavior, RunBehavior runBehavior, Boolean returnStream, TaskCompletionSource`1 completion, Int32 timeout, Task& task, Boolean& usedCache, Boolean asyncWrite, Boolean inRetry, String method)
   at Microsoft.Data.SqlClient.SqlCommand.InternalExecuteNonQuery(TaskCompletionSource`1 completion, Boolean sendToPipe, Int32 timeout, Boolean& usedCache, Boolean asyncWrite, Boolean inRetry, String methodName)
   at Microsoft.Data.SqlClient.SqlCommand.ExecuteNonQuery()
   at Dapper.SqlMapper.ExecuteCommand(IDbConnection cnn, CommandDefinition& command, Action`2 paramReader) in /_/Dapper/SqlMapper.cs:line 2965
   at Dapper.SqlMapper.ExecuteImpl(IDbConnection cnn, CommandDefinition& command) in /_/Dapper/SqlMapper.cs:line 656
   at Dapper.SqlMapper.Execute(IDbConnection cnn, String sql, Object param, IDbTransaction transaction, Nullable`1 commandTimeout, Nullable`1 commandType) in /_/Dapper/SqlMapper.cs:line 527
   at Hangfire.SqlServer.SqlServerConnection.<>c.<AnnounceServer>b__21_0(SqlServerStorage storage, DbConnection connection, KeyValuePair`2 pair) in C:\projects\hangfire-525\src\Hangfire.SqlServer\SqlServerConnection.cs:line 521
   at Hangfire.SqlServer.SqlServerStorage.UseConnection[TContext,TResult](DbConnection dedicatedConnection, Func`4 func, TContext context) in C:\projects\hangfire-525\src\Hangfire.SqlServer\SqlServerStorage.cs:line 292
   at Hangfire.SqlServer.SqlServerConnection.AnnounceServer(String serverId, ServerContext context) in C:\projects\hangfire-525\src\Hangfire.SqlServer\SqlServerConnection.cs:line 512
   at Hangfire.Server.BackgroundServerProcess.CreateServer(BackgroundServerContext context) in C:\projects\hangfire-525\src\Hangfire.Core\Server\BackgroundServerProcess.cs:line 209
   at Hangfire.Server.BackgroundServerProcess.Execute(Guid executionId, BackgroundExecution execution, CancellationToken stoppingToken, CancellationToken stoppedToken, CancellationToken shutdownToken) in C:\projects\hangfire-525\src\Hangfire.Core\Server\BackgroundServerProcess.cs:line 101
   at Hangfire.Server.BackgroundProcessingServer.RunServer(Guid executionId, Object state) in C:\projects\hangfire-525\src\Hangfire.Core\Server\BackgroundProcessingServer.cs:line 249
   at Hangfire.Processing.BackgroundExecution.Run(Action`2 callback, Object state) in C:\projects\hangfire-525\src\Hangfire.Core\Processing\BackgroundExecution.cs:line 118
ClientConnectionId:1103f5a8-bac6-4e6d-8233-ba298941ff98
Error Number:208,State:1,Class:16
2026-01-29 18:34:04.940 +01:00 [DBG] Execution loop BackgroundServerProcess:9904528d will be retried in 00:00:15...
2026-01-29 18:46:16.688 +01:00 [INF] Start installing Hangfire SQL objects...
2026-01-29 18:46:17.162 +01:00 [INF] Hangfire SQL objects installed.
2026-01-29 18:46:17.184 +01:00 [INF] Visualization API started successfully
2026-01-29 18:46:17.184 +01:00 [INF] Environment: Development
2026-01-29 18:46:17.184 +01:00 [INF] Swagger UI: https://localhost:7130/swagger
2026-01-29 18:46:17.184 +01:00 [INF] Health Check: https://localhost:7130/health
2026-01-29 18:46:17.184 +01:00 [INF] SignalR Hub: wss://localhost:7130/hubs/visualization
2026-01-29 18:46:17.204 +01:00 [INF] User profile is available. Using 'C:\Users\DATART\AppData\Local\ASP.NET\DataProtection-Keys' as key repository and Windows DPAPI to encrypt keys at rest.
2026-01-29 18:46:17.255 +01:00 [WRN] The WebRootPath was not found: C:\Users\DATART\Desktop\NovelVision\src\Services\Visualization.API\NovelVision.Services.Visualization.API\wwwroot. Static files may be unavailable.
2026-01-29 18:46:17.358 +01:00 [INF] Now listening on: https://localhost:7130
2026-01-29 18:46:17.358 +01:00 [INF] Now listening on: http://localhost:5284
2026-01-29 18:46:17.500 +01:00 [INF] Starting Hangfire Server using job storage: 'SQL Server: LAPTOP-OHNFI7TT@NovelVision.Visualization'
2026-01-29 18:46:17.500 +01:00 [INF] Using the following options for SQL Server job storage: Queue poll interval: 00:00:15.
2026-01-29 18:46:17.501 +01:00 [INF] Using the following options for Hangfire Server:
    Worker count: 16
    Listening queues: 'visualization', 'default'
    Shutdown timeout: 00:00:15
    Schedule polling interval: 00:00:15
2026-01-29 18:46:17.519 +01:00 [INF] Application started. Press Ctrl+C to shut down.
2026-01-29 18:46:17.519 +01:00 [INF] Hosting environment: Development
2026-01-29 18:46:17.519 +01:00 [INF] Content root path: C:\Users\DATART\Desktop\NovelVision\src\Services\Visualization.API\NovelVision.Services.Visualization.API
2026-01-29 18:46:17.526 +01:00 [DBG] Execution loop BackgroundServerProcess:3b665a0b has started in 11,1827 ms
2026-01-29 18:46:17.682 +01:00 [INF] Server laptop-ohnfi7tt:2860:4ee57980 successfully announced in 153,9249 ms
2026-01-29 18:46:17.688 +01:00 [DBG] Execution loop ServerHeartbeatProcess:fbdd7a25 has started in 4,8465 ms
2026-01-29 18:46:17.688 +01:00 [INF] Server laptop-ohnfi7tt:2860:4ee57980 is starting the registered dispatchers: ServerWatchdog, ServerJobCancellationWatcher, SqlServerHeartbeatProcess, ExpirationManager, CountersAggregator, Worker, DelayedJobScheduler, RecurringJobScheduler...
2026-01-29 18:46:17.692 +01:00 [DBG] Execution loop ServerWatchdog:b4726d0e has started in 3,5978 ms
2026-01-29 18:46:17.695 +01:00 [DBG] Execution loop ServerJobCancellationWatcher:ae8707eb has started in 6,243 ms
2026-01-29 18:46:17.723 +01:00 [DBG] Execution loop ExpirationManager:34fd9b15 has started in 27,6684 ms
2026-01-29 18:46:17.723 +01:00 [DBG] Execution loop SqlServerHeartbeatProcess:e498b358 has started in 31,0412 ms
2026-01-29 18:46:17.754 +01:00 [DBG] Execution loop CountersAggregator:a189fcbf has started in 31,0251 ms
2026-01-29 18:46:17.755 +01:00 [DBG] Removing outdated records from the 'AggregatedCounter' table...
2026-01-29 18:46:17.755 +01:00 [DBG] Aggregating records in 'Counter' table...
2026-01-29 18:46:17.759 +01:00 [DBG] Execution loop Worker:13f4959f has started in 34,3511 ms
2026-01-29 18:46:17.762 +01:00 [DBG] Execution loop Worker:68638dc2 has started in 37,5204 ms
2026-01-29 18:46:17.765 +01:00 [DBG] Execution loop Worker:389e0491 has started in 40,5471 ms
2026-01-29 18:46:17.768 +01:00 [DBG] Execution loop Worker:a57f6dee has started in 43,6783 ms
2026-01-29 18:46:17.794 +01:00 [DBG] Execution loop Worker:11e05613 has started in 69,8474 ms
2026-01-29 18:46:17.794 +01:00 [DBG] Execution loop Worker:1d108db6 has started in 69,8131 ms
2026-01-29 18:46:17.794 +01:00 [DBG] Execution loop Worker:f26c310a has started in 69,8397 ms
2026-01-29 18:46:17.799 +01:00 [DBG] Execution loop Worker:c4ec3515 has started in 74,1729 ms
2026-01-29 18:46:17.825 +01:00 [DBG] Execution loop Worker:57b71e78 has started in 100,6186 ms
2026-01-29 18:46:17.804 +01:00 [DBG] Execution loop Worker:ca4ef1c0 has started in 77,4852 ms
2026-01-29 18:46:17.825 +01:00 [DBG] Execution loop Worker:216059c3 has started in 100,6904 ms
2026-01-29 18:46:17.829 +01:00 [DBG] Execution loop Worker:6ca4adaf has started in 104,9234 ms
2026-01-29 18:46:17.856 +01:00 [DBG] Execution loop Worker:0b555d76 has started in 131,1886 ms
2026-01-29 18:46:17.856 +01:00 [DBG] Execution loop Worker:c4c57c89 has started in 131,3331 ms
2026-01-29 18:46:17.859 +01:00 [DBG] Execution loop Worker:6f1881d3 has started in 134,9375 ms
2026-01-29 18:46:17.863 +01:00 [DBG] Execution loop Worker:78ccd59d has started in 138,0953 ms
2026-01-29 18:46:17.887 +01:00 [INF] Server laptop-ohnfi7tt:2860:4ee57980 all the dispatchers started
2026-01-29 18:46:17.887 +01:00 [DBG] Execution loop DelayedJobScheduler:42822d86 has started in 27,3046 ms
2026-01-29 18:46:17.887 +01:00 [DBG] Execution loop RecurringJobScheduler:9602fa69 has started in 24,0557 ms
2026-01-29 18:46:17.898 +01:00 [DBG] Removing outdated records from the 'Job' table...
2026-01-29 18:46:17.917 +01:00 [DBG] Removing outdated records from the 'List' table...
2026-01-29 18:46:17.931 +01:00 [DBG] Removing outdated records from the 'Set' table...
2026-01-29 18:46:17.944 +01:00 [DBG] Removing outdated records from the 'Hash' table...
2026-01-29 18:46:43.510 +01:00 [INF] Request starting HTTP/1.1 GET http://localhost:5284/ - null null
2026-01-29 18:46:43.634 +01:00 [INF] Request finished HTTP/1.1 GET http://localhost:5284/ - 307 0 null 124.5922ms
2026-01-29 18:46:43.685 +01:00 [INF] Request starting HTTP/2 GET https://localhost:7130/ - null null
2026-01-29 18:46:43.769 +01:00 [INF] Request finished HTTP/2 GET https://localhost:7130/ - 404 0 null 83.954ms
2026-01-29 18:46:43.771 +01:00 [INF] Request reached the end of the middleware pipeline without being handled by application code. Request path: GET https://localhost:7130/, Response status code: 404
2026-01-29 18:46:47.762 +01:00 [DBG] Server laptop-ohnfi7tt:2860:4ee57980 heartbeat successfully sent
2026-01-29 18:46:58.077 +01:00 [INF] Request starting HTTP/2 GET https://localhost:7130/swagger - null null
2026-01-29 18:46:58.079 +01:00 [INF] Request finished HTTP/2 GET https://localhost:7130/swagger - 301 0 null 2.6698ms
2026-01-29 18:46:58.083 +01:00 [INF] Request starting HTTP/2 GET https://localhost:7130/swagger/index.html - null null
2026-01-29 18:46:58.162 +01:00 [WRN] Unable to configure Browser Link script injection on the response. This may have been caused by the response's Content-Encoding: '["br"]'. Consider disabling response compression.
2026-01-29 18:46:58.164 +01:00 [WRN] Unable to configure browser refresh script injection on the response. This may have been caused by the response's Content-Encoding: '["br"]'. Consider disabling response compression.
2026-01-29 18:46:58.164 +01:00 [INF] Request finished HTTP/2 GET https://localhost:7130/swagger/index.html - 200 null text/html;charset=utf-8 81.1771ms
2026-01-29 18:46:58.183 +01:00 [INF] Request starting HTTP/2 GET https://localhost:7130/swagger/swagger-ui.css - null null
2026-01-29 18:46:58.184 +01:00 [INF] Request starting HTTP/2 GET https://localhost:7130/swagger/index.css - null null
2026-01-29 18:46:58.184 +01:00 [INF] Request starting HTTP/2 GET https://localhost:7130/swagger/swagger-ui-standalone-preset.js - null null
2026-01-29 18:46:58.184 +01:00 [INF] Request starting HTTP/2 GET https://localhost:7130/swagger/swagger-ui-bundle.js - null null
2026-01-29 18:46:58.217 +01:00 [INF] Request starting HTTP/2 GET https://localhost:7130/swagger/index.js - null null
2026-01-29 18:46:58.247 +01:00 [INF] Request finished HTTP/2 GET https://localhost:7130/swagger/index.js - 200 null application/javascript;charset=utf-8 2.0524ms
2026-01-29 18:46:58.262 +01:00 [INF] Sending file. Request path: '/index.css'. Physical path: 'N/A'
2026-01-29 18:46:58.262 +01:00 [INF] Request finished HTTP/2 GET https://localhost:7130/swagger/index.css - 200 null text/css 78.5219ms
2026-01-29 18:46:58.278 +01:00 [INF] Sending file. Request path: '/swagger-ui-standalone-preset.js'. Physical path: 'N/A'
2026-01-29 18:46:58.278 +01:00 [INF] Sending file. Request path: '/swagger-ui.css'. Physical path: 'N/A'
2026-01-29 18:46:58.280 +01:00 [INF] Request finished HTTP/2 GET https://localhost:7130/swagger/swagger-ui.css - 200 null text/css 97.0194ms
2026-01-29 18:46:58.280 +01:00 [INF] Request finished HTTP/2 GET https://localhost:7130/swagger/swagger-ui-standalone-preset.js - 200 null text/javascript 96.0857ms
2026-01-29 18:46:58.306 +01:00 [INF] Sending file. Request path: '/swagger-ui-bundle.js'. Physical path: 'N/A'
2026-01-29 18:46:58.306 +01:00 [INF] Request finished HTTP/2 GET https://localhost:7130/swagger/swagger-ui-bundle.js - 200 null text/javascript 121.548ms
2026-01-29 18:46:58.441 +01:00 [INF] Request starting HTTP/2 GET https://localhost:7130/swagger/v1/swagger.json - null null
2026-01-29 18:46:58.464 +01:00 [INF] Request starting HTTP/2 GET https://localhost:7130/swagger/favicon-32x32.png - null null
2026-01-29 18:46:58.465 +01:00 [INF] Sending file. Request path: '/favicon-32x32.png'. Physical path: 'N/A'
2026-01-29 18:46:58.466 +01:00 [INF] Request finished HTTP/2 GET https://localhost:7130/swagger/v1/swagger.json - 200 null application/json;charset=utf-8 25.1202ms
2026-01-29 18:46:58.466 +01:00 [INF] Request finished HTTP/2 GET https://localhost:7130/swagger/favicon-32x32.png - 200 628 image/png 1.3535ms
2026-01-29 18:47:17.947 +01:00 [DBG] Server laptop-ohnfi7tt:2860:4ee57980 heartbeat successfully sent
2026-01-29 18:47:47.950 +01:00 [DBG] Server laptop-ohnfi7tt:2860:4ee57980 heartbeat successfully sent
2026-01-29 18:48:17.956 +01:00 [DBG] Server laptop-ohnfi7tt:2860:4ee57980 heartbeat successfully sent
2026-01-29 18:48:47.978 +01:00 [DBG] Server laptop-ohnfi7tt:2860:4ee57980 heartbeat successfully sent
2026-01-29 18:49:17.984 +01:00 [DBG] Server laptop-ohnfi7tt:2860:4ee57980 heartbeat successfully sent
2026-01-29 18:49:47.989 +01:00 [DBG] Server laptop-ohnfi7tt:2860:4ee57980 heartbeat successfully sent
2026-01-29 18:50:18.002 +01:00 [DBG] Server laptop-ohnfi7tt:2860:4ee57980 heartbeat successfully sent
2026-01-29 18:50:48.006 +01:00 [DBG] Server laptop-ohnfi7tt:2860:4ee57980 heartbeat successfully sent
2026-01-29 20:45:50.097 +01:00 [INF] Start installing Hangfire SQL objects...
2026-01-29 20:45:50.590 +01:00 [INF] Hangfire SQL objects installed.
2026-01-29 20:45:50.612 +01:00 [INF] Visualization API started successfully
2026-01-29 20:45:50.613 +01:00 [INF] Environment: Development
2026-01-29 20:45:50.613 +01:00 [INF] Swagger UI: https://localhost:7130/swagger
2026-01-29 20:45:50.613 +01:00 [INF] Health Check: https://localhost:7130/health
2026-01-29 20:45:50.613 +01:00 [INF] SignalR Hub: wss://localhost:7130/hubs/visualization
2026-01-29 20:45:50.633 +01:00 [INF] User profile is available. Using 'C:\Users\DATART\AppData\Local\ASP.NET\DataProtection-Keys' as key repository and Windows DPAPI to encrypt keys at rest.
2026-01-29 20:45:50.695 +01:00 [WRN] The WebRootPath was not found: C:\Users\DATART\Desktop\NovelVision\src\Services\Visualization.API\NovelVision.Services.Visualization.API\wwwroot. Static files may be unavailable.
2026-01-29 20:45:50.807 +01:00 [INF] Now listening on: https://localhost:7130
2026-01-29 20:45:50.808 +01:00 [INF] Now listening on: http://localhost:5284
2026-01-29 20:45:50.978 +01:00 [INF] Starting Hangfire Server using job storage: 'SQL Server: LAPTOP-OHNFI7TT@NovelVision.Visualization'
2026-01-29 20:45:50.978 +01:00 [INF] Using the following options for SQL Server job storage: Queue poll interval: 00:00:15.
2026-01-29 20:45:50.978 +01:00 [INF] Using the following options for Hangfire Server:
    Worker count: 16
    Listening queues: 'visualization', 'default'
    Shutdown timeout: 00:00:15
    Schedule polling interval: 00:00:15
2026-01-29 20:45:50.995 +01:00 [INF] Application started. Press Ctrl+C to shut down.
2026-01-29 20:45:50.996 +01:00 [INF] Hosting environment: Development
2026-01-29 20:45:50.996 +01:00 [INF] Content root path: C:\Users\DATART\Desktop\NovelVision\src\Services\Visualization.API\NovelVision.Services.Visualization.API
2026-01-29 20:45:51.000 +01:00 [DBG] Execution loop BackgroundServerProcess:7aa80f77 has started in 5,3674 ms
2026-01-29 20:45:51.099 +01:00 [INF] Server laptop-ohnfi7tt:33592:906695fe successfully announced in 97,191 ms
2026-01-29 20:45:51.104 +01:00 [DBG] Execution loop ServerHeartbeatProcess:3a9fcb4b has started in 4,0379 ms
2026-01-29 20:45:51.104 +01:00 [INF] Server laptop-ohnfi7tt:33592:906695fe is starting the registered dispatchers: ServerWatchdog, ServerJobCancellationWatcher, SqlServerHeartbeatProcess, ExpirationManager, CountersAggregator, Worker, DelayedJobScheduler, RecurringJobScheduler...
2026-01-29 20:45:51.107 +01:00 [DBG] Execution loop ServerWatchdog:943a6c0d has started in 2,6592 ms
2026-01-29 20:45:51.110 +01:00 [DBG] Execution loop ServerJobCancellationWatcher:9ce02fbd has started in 4,5359 ms
2026-01-29 20:45:51.142 +01:00 [DBG] Execution loop SqlServerHeartbeatProcess:043b6cc1 has started in 34,4597 ms
2026-01-29 20:45:51.142 +01:00 [DBG] Execution loop ExpirationManager:908b821d has started in 32,2225 ms
2026-01-29 20:45:51.145 +01:00 [DBG] Execution loop CountersAggregator:a6c6c899 has started in 2,7703 ms
2026-01-29 20:45:51.146 +01:00 [DBG] Aggregating records in 'Counter' table...
2026-01-29 20:45:51.172 +01:00 [DBG] Execution loop Worker:abb29437 has started in 27,902 ms
2026-01-29 20:45:51.172 +01:00 [DBG] Execution loop Worker:75fb0fe4 has started in 27,8995 ms
2026-01-29 20:45:51.172 +01:00 [DBG] Execution loop Worker:dab62acc has started in 27,9085 ms
2026-01-29 20:45:51.173 +01:00 [DBG] Removing outdated records from the 'AggregatedCounter' table...
2026-01-29 20:45:51.176 +01:00 [DBG] Execution loop Worker:7646b439 has started in 31,5909 ms
2026-01-29 20:45:51.182 +01:00 [DBG] Execution loop Worker:32542223 has started in 36,9841 ms
2026-01-29 20:45:51.182 +01:00 [DBG] Execution loop Worker:8880b21d has started in 37,0112 ms
2026-01-29 20:45:51.184 +01:00 [DBG] Execution loop Worker:8d4c6170 has started in 39,8951 ms
2026-01-29 20:45:51.212 +01:00 [DBG] Execution loop Worker:7acd3863 has started in 67,3768 ms
2026-01-29 20:45:51.215 +01:00 [DBG] Execution loop Worker:13023098 has started in 70,5914 ms
2026-01-29 20:45:51.218 +01:00 [INF] 1 servers were removed due to timeout
2026-01-29 20:45:51.218 +01:00 [DBG] Execution loop Worker:fb878c95 has started in 73,7686 ms
2026-01-29 20:45:51.222 +01:00 [DBG] Execution loop Worker:ca188648 has started in 77,1503 ms
2026-01-29 20:45:51.227 +01:00 [DBG] Execution loop Worker:22cb8769 has started in 82,3674 ms
2026-01-29 20:45:51.230 +01:00 [DBG] Execution loop Worker:e7a30d3b has started in 84,9351 ms
2026-01-29 20:45:51.232 +01:00 [DBG] Execution loop Worker:a271d2bb has started in 87,6876 ms
2026-01-29 20:45:51.262 +01:00 [DBG] Execution loop Worker:8cd2a068 has started in 117,5557 ms
2026-01-29 20:45:51.262 +01:00 [DBG] Execution loop Worker:3680120c has started in 117,7837 ms
2026-01-29 20:45:51.265 +01:00 [INF] Server laptop-ohnfi7tt:33592:906695fe all the dispatchers started
2026-01-29 20:45:51.265 +01:00 [DBG] Execution loop DelayedJobScheduler:9868c189 has started in 3,0423 ms
2026-01-29 20:45:51.268 +01:00 [DBG] Execution loop RecurringJobScheduler:e1f0e748 has started in 5,098 ms
2026-01-29 20:45:51.281 +01:00 [DBG] Removing outdated records from the 'Job' table...
2026-01-29 20:45:51.293 +01:00 [DBG] Removing outdated records from the 'List' table...
2026-01-29 20:45:51.296 +01:00 [DBG] Removing outdated records from the 'Set' table...
2026-01-29 20:45:51.298 +01:00 [DBG] Removing outdated records from the 'Hash' table...
2026-01-29 20:46:19.931 +01:00 [INF] Request starting HTTP/1.1 POST https://localhost:7130/api/v1/generate/text-selection - application/json 1904
2026-01-29 20:46:19.956 +01:00 [INF] CORS policy execution successful.
2026-01-29 20:46:20.085 +01:00 [INF] Failed to validate the token.
Microsoft.IdentityModel.Tokens.SecurityTokenSignatureKeyNotFoundException: IDX10517: Signature validation failed. The token's kid is missing. Keys tried: 'Microsoft.IdentityModel.Tokens.SymmetricSecurityKey, KeyId: '', InternalId: 'VrNp10zUnuE83CgzdQuRTzPi6QTdoSkFkQTKJ6GK_sU'. , KeyId: 
'. Number of keys in TokenValidationParameters: '1'. 
Number of keys in Configuration: '0'. 
Exceptions caught:
 '[PII of type 'System.String' is hidden. For more details, see https://aka.ms/IdentityModel/PII.]'.
token: '[PII of type 'Microsoft.IdentityModel.JsonWebTokens.JsonWebToken' is hidden. For more details, see https://aka.ms/IdentityModel/PII.]'. See https://aka.ms/IDX10503 for details.
   at Microsoft.IdentityModel.JsonWebTokens.JsonWebTokenHandler.ValidateSignature(JsonWebToken jwtToken, TokenValidationParameters validationParameters, BaseConfiguration configuration)
   at Microsoft.IdentityModel.JsonWebTokens.JsonWebTokenHandler.ValidateSignatureAndIssuerSecurityKey(JsonWebToken jsonWebToken, TokenValidationParameters validationParameters, BaseConfiguration configuration)
   at Microsoft.IdentityModel.JsonWebTokens.JsonWebTokenHandler.ValidateJWSAsync(JsonWebToken jsonWebToken, TokenValidationParameters validationParameters, BaseConfiguration configuration)
2026-01-29 20:46:20.091 +01:00 [INF] Bearer was not authenticated. Failure message: IDX10517: Signature validation failed. The token's kid is missing. Keys tried: 'Microsoft.IdentityModel.Tokens.SymmetricSecurityKey, KeyId: '', InternalId: 'VrNp10zUnuE83CgzdQuRTzPi6QTdoSkFkQTKJ6GK_sU'. , KeyId: 
'. Number of keys in TokenValidationParameters: '1'. 
Number of keys in Configuration: '0'. 
Exceptions caught:
 '[PII of type 'System.String' is hidden. For more details, see https://aka.ms/IdentityModel/PII.]'.
token: '[PII of type 'Microsoft.IdentityModel.JsonWebTokens.JsonWebToken' is hidden. For more details, see https://aka.ms/IdentityModel/PII.]'. See https://aka.ms/IDX10503 for details.
2026-01-29 20:46:20.098 +01:00 [INF] Request finished HTTP/1.1 POST https://localhost:7130/api/v1/generate/text-selection - 404 0 null 167.2886ms
2026-01-29 20:46:20.103 +01:00 [INF] Request reached the end of the middleware pipeline without being handled by application code. Request path: POST https://localhost:7130/api/v1/generate/text-selection, Response status code: 404
2026-01-29 20:46:21.214 +01:00 [DBG] Server laptop-ohnfi7tt:33592:906695fe heartbeat successfully sent
2026-01-29 20:55:06.697 +01:00 [INF] Start installing Hangfire SQL objects...
2026-01-29 20:55:07.104 +01:00 [INF] Hangfire SQL objects installed.
2026-01-29 20:55:07.125 +01:00 [INF] Visualization API started successfully
2026-01-29 20:55:07.125 +01:00 [INF] Environment: Development
2026-01-29 20:55:07.125 +01:00 [INF] Swagger UI: https://localhost:7130/swagger
2026-01-29 20:55:07.125 +01:00 [INF] Health Check: https://localhost:7130/health
2026-01-29 20:55:07.126 +01:00 [INF] SignalR Hub: wss://localhost:7130/hubs/visualization
2026-01-29 20:55:07.142 +01:00 [INF] User profile is available. Using 'C:\Users\DATART\AppData\Local\ASP.NET\DataProtection-Keys' as key repository and Windows DPAPI to encrypt keys at rest.
2026-01-29 20:55:07.176 +01:00 [WRN] The WebRootPath was not found: C:\Users\DATART\Desktop\NovelVision\src\Services\Visualization.API\NovelVision.Services.Visualization.API\wwwroot. Static files may be unavailable.
2026-01-29 20:55:07.206 +01:00 [INF] Now listening on: http://localhost:5284
2026-01-29 20:55:07.210 +01:00 [INF] Starting Hangfire Server using job storage: 'SQL Server: LAPTOP-OHNFI7TT@NovelVision.Visualization'
2026-01-29 20:55:07.211 +01:00 [INF] Using the following options for SQL Server job storage: Queue poll interval: 00:00:15.
2026-01-29 20:55:07.211 +01:00 [INF] Using the following options for Hangfire Server:
    Worker count: 16
    Listening queues: 'visualization', 'default'
    Shutdown timeout: 00:00:15
    Schedule polling interval: 00:00:15
2026-01-29 20:55:07.220 +01:00 [INF] Application started. Press Ctrl+C to shut down.
2026-01-29 20:55:07.220 +01:00 [INF] Hosting environment: Development
2026-01-29 20:55:07.221 +01:00 [INF] Content root path: C:\Users\DATART\Desktop\NovelVision\src\Services\Visualization.API\NovelVision.Services.Visualization.API
2026-01-29 20:55:07.226 +01:00 [DBG] Execution loop BackgroundServerProcess:31e96c88 has started in 2,0276 ms
2026-01-29 20:55:07.314 +01:00 [INF] Server laptop-ohnfi7tt:18136:80a8d900 successfully announced in 85,7798 ms
2026-01-29 20:55:07.316 +01:00 [DBG] Execution loop ServerHeartbeatProcess:7158e35f has started in 0,8222 ms
2026-01-29 20:55:07.316 +01:00 [INF] Server laptop-ohnfi7tt:18136:80a8d900 is starting the registered dispatchers: ServerWatchdog, ServerJobCancellationWatcher, SqlServerHeartbeatProcess, ExpirationManager, CountersAggregator, Worker, DelayedJobScheduler, RecurringJobScheduler...
2026-01-29 20:55:07.317 +01:00 [DBG] Execution loop ServerWatchdog:adb82c6a has started in 0,2245 ms
2026-01-29 20:55:07.317 +01:00 [DBG] Execution loop ServerJobCancellationWatcher:9c8e20e6 has started in 0,2598 ms
2026-01-29 20:55:07.318 +01:00 [DBG] Execution loop SqlServerHeartbeatProcess:5867c9a1 has started in 1,2551 ms
2026-01-29 20:55:07.319 +01:00 [DBG] Execution loop ExpirationManager:d4902d03 has started in 0,3511 ms
2026-01-29 20:55:07.319 +01:00 [DBG] Execution loop CountersAggregator:846c36f7 has started in 0,3031 ms
2026-01-29 20:55:07.319 +01:00 [DBG] Execution loop Worker:e8e911c8 has started in 0,3883 ms
2026-01-29 20:55:07.319 +01:00 [DBG] Aggregating records in 'Counter' table...
2026-01-29 20:55:07.320 +01:00 [DBG] Execution loop Worker:e11818ff has started in 0,6529 ms
2026-01-29 20:55:07.320 +01:00 [DBG] Removing outdated records from the 'AggregatedCounter' table...
2026-01-29 20:55:07.321 +01:00 [DBG] Execution loop Worker:a26084ae has started in 1,628 ms
2026-01-29 20:55:07.321 +01:00 [DBG] Execution loop Worker:208dc44f has started in 2,2579 ms
2026-01-29 20:55:07.322 +01:00 [DBG] Execution loop Worker:a81bebb8 has started in 2,7071 ms
2026-01-29 20:55:07.322 +01:00 [DBG] Execution loop Worker:e114b909 has started in 3,149 ms
2026-01-29 20:55:07.323 +01:00 [DBG] Execution loop Worker:35cfd47e has started in 3,9018 ms
2026-01-29 20:55:07.323 +01:00 [INF] 1 servers were removed due to timeout
2026-01-29 20:55:07.324 +01:00 [DBG] Execution loop Worker:6e99e0d1 has started in 4,5452 ms
2026-01-29 20:55:07.324 +01:00 [DBG] Execution loop Worker:568422c8 has started in 5,1997 ms
2026-01-29 20:55:07.324 +01:00 [DBG] Execution loop Worker:8b846175 has started in 5,4178 ms
2026-01-29 20:55:07.325 +01:00 [DBG] Execution loop Worker:988f7bc1 has started in 5,8041 ms
2026-01-29 20:55:07.326 +01:00 [DBG] Execution loop Worker:74e83aeb has started in 7,1488 ms
2026-01-29 20:55:07.326 +01:00 [DBG] Execution loop Worker:8885df77 has started in 6,9346 ms
2026-01-29 20:55:07.327 +01:00 [DBG] Execution loop Worker:9dcddde6 has started in 7,5266 ms
2026-01-29 20:55:07.327 +01:00 [DBG] Execution loop Worker:a16c84cb has started in 8,1777 ms
2026-01-29 20:55:07.329 +01:00 [DBG] Execution loop Worker:c6ee8552 has started in 10,0818 ms
2026-01-29 20:55:07.329 +01:00 [DBG] Execution loop DelayedJobScheduler:121baeee has started in 0,2645 ms
2026-01-29 20:55:07.330 +01:00 [DBG] Execution loop RecurringJobScheduler:998735d6 has started in 0,288 ms
2026-01-29 20:55:07.330 +01:00 [INF] Server laptop-ohnfi7tt:18136:80a8d900 all the dispatchers started
2026-01-29 20:55:07.333 +01:00 [DBG] Removing outdated records from the 'Job' table...
2026-01-29 20:55:07.362 +01:00 [DBG] Removing outdated records from the 'List' table...
2026-01-29 20:55:07.369 +01:00 [DBG] Removing outdated records from the 'Set' table...
2026-01-29 20:55:07.372 +01:00 [DBG] Removing outdated records from the 'Hash' table...
2026-01-29 20:55:37.328 +01:00 [DBG] Server laptop-ohnfi7tt:18136:80a8d900 heartbeat successfully sent
2026-01-29 20:56:07.340 +01:00 [DBG] Server laptop-ohnfi7tt:18136:80a8d900 heartbeat successfully sent
2026-01-29 20:56:37.355 +01:00 [DBG] Server laptop-ohnfi7tt:18136:80a8d900 heartbeat successfully sent
2026-01-29 20:57:07.365 +01:00 [DBG] Server laptop-ohnfi7tt:18136:80a8d900 heartbeat successfully sent
2026-01-29 20:57:37.375 +01:00 [DBG] Server laptop-ohnfi7tt:18136:80a8d900 heartbeat successfully sent
2026-01-29 20:58:07.376 +01:00 [DBG] Server laptop-ohnfi7tt:18136:80a8d900 heartbeat successfully sent
2026-01-29 20:58:37.384 +01:00 [DBG] Server laptop-ohnfi7tt:18136:80a8d900 heartbeat successfully sent
2026-01-29 20:59:07.390 +01:00 [DBG] Server laptop-ohnfi7tt:18136:80a8d900 heartbeat successfully sent
2026-01-29 20:59:37.396 +01:00 [DBG] Server laptop-ohnfi7tt:18136:80a8d900 heartbeat successfully sent
2026-01-29 21:00:07.357 +01:00 [DBG] Aggregating records in 'Counter' table...
2026-01-29 21:00:07.407 +01:00 [DBG] Server laptop-ohnfi7tt:18136:80a8d900 heartbeat successfully sent
2026-01-29 21:00:37.417 +01:00 [DBG] Server laptop-ohnfi7tt:18136:80a8d900 heartbeat successfully sent
2026-01-29 21:01:07.429 +01:00 [DBG] Server laptop-ohnfi7tt:18136:80a8d900 heartbeat successfully sent
2026-01-29 21:01:37.440 +01:00 [DBG] Server laptop-ohnfi7tt:18136:80a8d900 heartbeat successfully sent
2026-01-29 21:02:07.447 +01:00 [DBG] Server laptop-ohnfi7tt:18136:80a8d900 heartbeat successfully sent
2026-01-29 21:02:37.454 +01:00 [DBG] Server laptop-ohnfi7tt:18136:80a8d900 heartbeat successfully sent
2026-01-29 21:03:07.456 +01:00 [DBG] Server laptop-ohnfi7tt:18136:80a8d900 heartbeat successfully sent
2026-01-29 21:03:37.465 +01:00 [DBG] Server laptop-ohnfi7tt:18136:80a8d900 heartbeat successfully sent
2026-01-29 21:04:07.483 +01:00 [DBG] Server laptop-ohnfi7tt:18136:80a8d900 heartbeat successfully sent
2026-01-29 21:04:37.496 +01:00 [DBG] Server laptop-ohnfi7tt:18136:80a8d900 heartbeat successfully sent
2026-01-29 21:05:07.379 +01:00 [DBG] Aggregating records in 'Counter' table...
2026-01-29 21:05:07.511 +01:00 [DBG] Server laptop-ohnfi7tt:18136:80a8d900 heartbeat successfully sent
2026-01-29 21:05:37.515 +01:00 [DBG] Server laptop-ohnfi7tt:18136:80a8d900 heartbeat successfully sent
2026-01-29 21:06:07.526 +01:00 [DBG] Server laptop-ohnfi7tt:18136:80a8d900 heartbeat successfully sent
2026-01-29 21:06:37.535 +01:00 [DBG] Server laptop-ohnfi7tt:18136:80a8d900 heartbeat successfully sent
2026-01-29 21:07:07.548 +01:00 [DBG] Server laptop-ohnfi7tt:18136:80a8d900 heartbeat successfully sent
2026-01-29 21:07:37.556 +01:00 [DBG] Server laptop-ohnfi7tt:18136:80a8d900 heartbeat successfully sent
2026-01-29 21:08:07.560 +01:00 [DBG] Server laptop-ohnfi7tt:18136:80a8d900 heartbeat successfully sent
2026-01-29 21:08:37.577 +01:00 [DBG] Server laptop-ohnfi7tt:18136:80a8d900 heartbeat successfully sent
2026-01-29 21:09:07.580 +01:00 [DBG] Server laptop-ohnfi7tt:18136:80a8d900 heartbeat successfully sent
2026-01-29 21:09:37.587 +01:00 [DBG] Server laptop-ohnfi7tt:18136:80a8d900 heartbeat successfully sent
2026-01-29 21:10:07.390 +01:00 [DBG] Aggregating records in 'Counter' table...
2026-01-29 21:10:07.592 +01:00 [DBG] Server laptop-ohnfi7tt:18136:80a8d900 heartbeat successfully sent
2026-01-29 21:10:37.597 +01:00 [DBG] Server laptop-ohnfi7tt:18136:80a8d900 heartbeat successfully sent
2026-01-29 21:11:07.601 +01:00 [DBG] Server laptop-ohnfi7tt:18136:80a8d900 heartbeat successfully sent
2026-01-29 21:11:37.614 +01:00 [DBG] Server laptop-ohnfi7tt:18136:80a8d900 heartbeat successfully sent
2026-01-29 21:12:07.620 +01:00 [DBG] Server laptop-ohnfi7tt:18136:80a8d900 heartbeat successfully sent
2026-01-29 21:12:37.630 +01:00 [DBG] Server laptop-ohnfi7tt:18136:80a8d900 heartbeat successfully sent
2026-01-29 21:13:07.635 +01:00 [DBG] Server laptop-ohnfi7tt:18136:80a8d900 heartbeat successfully sent
2026-01-29 21:13:37.639 +01:00 [DBG] Server laptop-ohnfi7tt:18136:80a8d900 heartbeat successfully sent
2026-01-29 21:14:07.646 +01:00 [DBG] Server laptop-ohnfi7tt:18136:80a8d900 heartbeat successfully sent
2026-01-29 21:14:37.658 +01:00 [DBG] Server laptop-ohnfi7tt:18136:80a8d900 heartbeat successfully sent
2026-01-29 21:15:07.403 +01:00 [DBG] Aggregating records in 'Counter' table...
2026-01-29 21:15:07.671 +01:00 [DBG] Server laptop-ohnfi7tt:18136:80a8d900 heartbeat successfully sent
2026-01-29 21:15:37.677 +01:00 [DBG] Server laptop-ohnfi7tt:18136:80a8d900 heartbeat successfully sent
2026-01-29 21:16:07.684 +01:00 [DBG] Server laptop-ohnfi7tt:18136:80a8d900 heartbeat successfully sent
2026-01-29 21:16:37.700 +01:00 [DBG] Server laptop-ohnfi7tt:18136:80a8d900 heartbeat successfully sent
2026-01-29 21:17:07.714 +01:00 [DBG] Server laptop-ohnfi7tt:18136:80a8d900 heartbeat successfully sent
2026-01-29 21:17:37.723 +01:00 [DBG] Server laptop-ohnfi7tt:18136:80a8d900 heartbeat successfully sent
2026-01-29 21:18:07.724 +01:00 [DBG] Server laptop-ohnfi7tt:18136:80a8d900 heartbeat successfully sent
2026-01-29 21:18:37.732 +01:00 [DBG] Server laptop-ohnfi7tt:18136:80a8d900 heartbeat successfully sent
2026-01-29 21:19:07.747 +01:00 [DBG] Server laptop-ohnfi7tt:18136:80a8d900 heartbeat successfully sent
2026-01-29 21:19:37.753 +01:00 [DBG] Server laptop-ohnfi7tt:18136:80a8d900 heartbeat successfully sent
2026-01-29 21:20:07.418 +01:00 [DBG] Aggregating records in 'Counter' table...
2026-01-29 21:20:07.756 +01:00 [DBG] Server laptop-ohnfi7tt:18136:80a8d900 heartbeat successfully sent
2026-01-29 21:20:37.766 +01:00 [DBG] Server laptop-ohnfi7tt:18136:80a8d900 heartbeat successfully sent
2026-01-29 21:21:07.777 +01:00 [DBG] Server laptop-ohnfi7tt:18136:80a8d900 heartbeat successfully sent
2026-01-29 21:21:37.787 +01:00 [DBG] Server laptop-ohnfi7tt:18136:80a8d900 heartbeat successfully sent
2026-01-29 21:22:07.790 +01:00 [DBG] Server laptop-ohnfi7tt:18136:80a8d900 heartbeat successfully sent
2026-01-29 21:22:37.803 +01:00 [DBG] Server laptop-ohnfi7tt:18136:80a8d900 heartbeat successfully sent
2026-01-29 21:23:07.811 +01:00 [DBG] Server laptop-ohnfi7tt:18136:80a8d900 heartbeat successfully sent
2026-01-29 21:23:37.821 +01:00 [DBG] Server laptop-ohnfi7tt:18136:80a8d900 heartbeat successfully sent
2026-01-29 21:24:07.831 +01:00 [DBG] Server laptop-ohnfi7tt:18136:80a8d900 heartbeat successfully sent
2026-01-29 21:24:37.835 +01:00 [DBG] Server laptop-ohnfi7tt:18136:80a8d900 heartbeat successfully sent
2026-01-29 21:25:07.377 +01:00 [DBG] Removing outdated records from the 'AggregatedCounter' table...
2026-01-29 21:25:07.380 +01:00 [DBG] Removing outdated records from the 'Job' table...
2026-01-29 21:25:07.383 +01:00 [DBG] Removing outdated records from the 'List' table...
2026-01-29 21:25:07.386 +01:00 [DBG] Removing outdated records from the 'Set' table...
2026-01-29 21:25:07.387 +01:00 [DBG] Removing outdated records from the 'Hash' table...
2026-01-29 21:25:07.432 +01:00 [DBG] Aggregating records in 'Counter' table...
2026-01-29 21:25:07.846 +01:00 [DBG] Server laptop-ohnfi7tt:18136:80a8d900 heartbeat successfully sent
2026-01-29 21:25:37.847 +01:00 [DBG] Server laptop-ohnfi7tt:18136:80a8d900 heartbeat successfully sent
2026-01-29 21:26:07.856 +01:00 [DBG] Server laptop-ohnfi7tt:18136:80a8d900 heartbeat successfully sent
2026-01-29 21:26:37.870 +01:00 [DBG] Server laptop-ohnfi7tt:18136:80a8d900 heartbeat successfully sent
2026-01-29 21:27:07.883 +01:00 [DBG] Server laptop-ohnfi7tt:18136:80a8d900 heartbeat successfully sent
2026-01-29 21:27:37.890 +01:00 [DBG] Server laptop-ohnfi7tt:18136:80a8d900 heartbeat successfully sent
2026-01-29 21:28:07.900 +01:00 [DBG] Server laptop-ohnfi7tt:18136:80a8d900 heartbeat successfully sent
2026-01-29 21:28:36.856 +01:00 [WRN] Stopping the server due to DomainUnload or ProcessExit event...
2026-01-29 21:28:36.857 +01:00 [INF] Server laptop-ohnfi7tt:18136:80a8d900 caught stopping signal...
2026-01-29 21:28:36.857 +01:00 [INF] Server laptop-ohnfi7tt:18136:80a8d900 caught stopped signal...
2026-01-29 21:28:36.857 +01:00 [DBG] Execution loop CountersAggregator:846c36f7 stopped in 0,09 ms
2026-01-29 21:28:36.857 +01:00 [DBG] Execution loop ExpirationManager:d4902d03 stopped in 0,1421 ms
2026-01-29 21:28:36.857 +01:00 [DBG] Execution loop RecurringJobScheduler:998735d6 stopped in 0,2637 ms
2026-01-29 21:28:36.857 +01:00 [DBG] Execution loop ServerJobCancellationWatcher:9c8e20e6 stopped in 0,2621 ms
2026-01-29 21:28:36.857 +01:00 [DBG] Execution loop DelayedJobScheduler:121baeee stopped in 0,2879 ms
2026-01-29 21:28:36.857 +01:00 [WRN] Server laptop-ohnfi7tt:18136:80a8d900 caught shutdown signal...
2026-01-29 21:28:36.857 +01:00 [DBG] Execution loop Worker:a81bebb8 stopped in 0,6873 ms
2026-01-29 21:28:36.858 +01:00 [DBG] Execution loop Worker:a16c84cb stopped in 0,7362 ms
2026-01-29 21:28:36.858 +01:00 [DBG] Execution loop Worker:988f7bc1 stopped in 0,887 ms
2026-01-29 21:28:36.857 +01:00 [DBG] Execution loop Worker:568422c8 stopped in 0,5979 ms
2026-01-29 21:28:36.857 +01:00 [DBG] Execution loop Worker:e114b909 stopped in 0,6444 ms
2026-01-29 21:28:36.857 +01:00 [DBG] Execution loop Worker:e11818ff stopped in 0,6867 ms
2026-01-29 21:28:36.857 +01:00 [DBG] Execution loop Worker:8885df77 stopped in 0,7094 ms
2026-01-29 21:28:36.858 +01:00 [DBG] Execution loop SqlServerHeartbeatProcess:5867c9a1 stopped in 0,7631 ms
2026-01-29 21:28:36.858 +01:00 [DBG] Execution loop Worker:c6ee8552 stopped in 0,7864 ms
2026-01-29 21:28:36.858 +01:00 [DBG] Execution loop ServerHeartbeatProcess:7158e35f stopped in 0,0538 ms
2026-01-29 21:28:36.857 +01:00 [DBG] Execution loop ServerWatchdog:adb82c6a stopped in 0,3223 ms
2026-01-29 21:28:36.858 +01:00 [DBG] Execution loop Worker:e8e911c8 stopped in 0,93 ms
2026-01-29 21:28:36.858 +01:00 [DBG] Execution loop Worker:74e83aeb stopped in 0,9841 ms
2026-01-29 21:28:36.858 +01:00 [DBG] Execution loop Worker:35cfd47e stopped in 0,9881 ms
2026-01-29 21:28:36.858 +01:00 [DBG] Execution loop Worker:6e99e0d1 stopped in 0,9886 ms
2026-01-29 21:28:36.858 +01:00 [DBG] Execution loop Worker:9dcddde6 stopped in 1,0208 ms
2026-01-29 21:28:36.858 +01:00 [DBG] Execution loop Worker:8b846175 stopped in 1,0253 ms
2026-01-29 21:28:36.858 +01:00 [DBG] Execution loop Worker:208dc44f stopped in 1,0448 ms
2026-01-29 21:28:36.858 +01:00 [DBG] Execution loop Worker:a26084ae stopped in 1,0825 ms
2026-01-29 21:28:36.858 +01:00 [WRN] Server laptop-ohnfi7tt:18136:80a8d900 stopped non-gracefully due to ServerWatchdog, ServerJobCancellationWatcher, SqlServerHeartbeatProcess, ExpirationManager, CountersAggregator, Worker, DelayedJobScheduler, RecurringJobScheduler. Outstanding work on those dispatchers could be aborted, and there can be delays in background processing. This server instance will be incorrectly shown as active for a while. To avoid non-graceful shutdowns, investigate what prevents from stopping gracefully and add CancellationToken support for those methods.
2026-01-29 21:28:36.867 +01:00 [INF] Server laptop-ohnfi7tt:18136:80a8d900 successfully reported itself as stopped in 6,5883 ms
2026-01-29 21:28:36.867 +01:00 [INF] Server laptop-ohnfi7tt:18136:80a8d900 has been stopped in total 9,8584 ms
2026-01-29 21:28:36.867 +01:00 [DBG] Execution loop BackgroundServerProcess:31e96c88 stopped in 10,0734 ms
